Watching for file changes with StatReloader
"GET / HTTP/1.1" 302 0
"GET /login/ HTTP/1.1" 200 3072
Not Found: /favicon.ico
"GET /favicon.ico HTTP/1.1" 404 8688
"POST /login/ HTTP/1.1" 302 0
"GET /dashboard/ HTTP/1.1" 200 5876
"GET /campus-map/ HTTP/1.1" 200 3404
"GET /campus-map/ HTTP/1.1" 200 3404
- Broken pipe from ('127.0.0.1', 58610)
"GET /static/login/js/campusmap.js HTTP/1.1" 200 1329
"GET /static/login/image/1st-floor.png HTTP/1.1" 304 0
"GET /static/login/image/2nd-floor.png HTTP/1.1" 304 0
"GET /static/login/image/3rd-floor.png HTTP/1.1" 304 0
"GET /static/login/image/4th-floor.png HTTP/1.1" 200 6121747
"GET /static/login/image/5th-floor.png HTTP/1.1" 304 0
"GET /shop/ HTTP/1.1" 200 7609
"GET /campus-map/ HTTP/1.1" 200 3404
"GET /static/login/js/campusmap.js HTTP/1.1" 304 0
"GET /static/login/image/1st-floor.png HTTP/1.1" 304 0
Watching for file changes with StatReloader
"GET / HTTP/1.1" 302 0
"GET /login/ HTTP/1.1" 200 3072
Not Found: /favicon.ico
"GET /favicon.ico HTTP/1.1" 404 8688
"POST /login/ HTTP/1.1" 302 0
"GET /dashboard/ HTTP/1.1" 200 5876
"GET /campus-map/ HTTP/1.1" 200 3404
"GET /static/login/js/campusmap.js HTTP/1.1" 200 1327
"GET /static/login/image/1st-floor.png HTTP/1.1" 304 0
"GET /campus-map/ HTTP/1.1" 200 3404
"GET /static/login/js/campusmap.js HTTP/1.1" 200 1329
"GET /static/login/image/2nd-floor.png HTTP/1.1" 304 0
"GET /campus-map/ HTTP/1.1" 200 3404
"GET /static/login/js/campusmap.js HTTP/1.1" 200 1329
C:\Users\mhoss\OneDrive\Desktop\uninav\project\login\models.py changed, reloading.
Watching for file changes with StatReloader
C:\Users\mhoss\OneDrive\Desktop\uninav\project\login\views.py changed, reloading.
Watching for file changes with StatReloader
C:\Users\mhoss\OneDrive\Desktop\uninav\project\login\admin.py changed, reloading.
Watching for file changes with StatReloader
Internal Server Error: /campus-map/
Traceback (most recent call last):
  File "C:\Users\mhoss\AppData\Local\Programs\Python\Python313\Lib\site-packages\django\template\base.py", line 510, in parse
    compile_func = self.tags[command]
                   ~~~~~~~~~^^^^^^^^^
KeyError: 'endblock'

During handling of the above exception, another exception occurred:

Traceback (most recent call last):
  File "C:\Users\mhoss\AppData\Local\Programs\Python\Python313\Lib\site-packages\django\core\handlers\exception.py", line 55, in inner
    response = get_response(request)
  File "C:\Users\mhoss\AppData\Local\Programs\Python\Python313\Lib\site-packages\django\core\handlers\base.py", line 197, in _get_response
    response = wrapped_callback(request, *callback_args, **callback_kwargs)
  File "C:\Users\mhoss\OneDrive\Desktop\uninav\project\login\views.py", line 661, in campus_map
    return render(request, "login/cmapusmap.html")
  File "C:\Users\mhoss\AppData\Local\Programs\Python\Python313\Lib\site-packages\django\shortcuts.py", line 25, in render
    content = loader.render_to_string(template_name, context, request, using=using)
  File "C:\Users\mhoss\AppData\Local\Programs\Python\Python313\Lib\site-packages\django\template\loader.py", line 61, in render_to_string
    template = get_template(template_name, using=using)
  File "C:\Users\mhoss\AppData\Local\Programs\Python\Python313\Lib\site-packages\django\template\loader.py", line 15, in get_template
    return engine.get_template(template_name)
           ~~~~~~~~~~~~~~~~~~~^^^^^^^^^^^^^^^
  File "C:\Users\mhoss\AppData\Local\Programs\Python\Python313\Lib\site-packages\django\template\backends\django.py", line 79, in get_template
    return Template(self.engine.get_template(template_name), self)
                    ~~~~~~~~~~~~~~~~~~~~~~~~^^^^^^^^^^^^^^^
  File "C:\Users\mhoss\AppData\Local\Programs\Python\Python313\Lib\site-packages\django\template\engine.py", line 177, in get_template
    template, origin = self.find_template(template_name)
                       ~~~~~~~~~~~~~~~~~~^^^^^^^^^^^^^^^
  File "C:\Users\mhoss\AppData\Local\Programs\Python\Python313\Lib\site-packages\django\template\engine.py", line 159, in find_template
    template = loader.get_template(name, skip=skip)
  File "C:\Users\mhoss\AppData\Local\Programs\Python\Python313\Lib\site-packages\django\template\loaders\cached.py", line 57, in get_template
    template = super().get_template(template_name, skip)
  File "C:\Users\mhoss\AppData\Local\Programs\Python\Python313\Lib\site-packages\django\template\loaders\base.py", line 28, in get_template
    return Template(
        contents,
    ...<2 lines>...
        self.engine,
    )
  File "C:\Users\mhoss\AppData\Local\Programs\Python\Python313\Lib\site-packages\django\template\base.py", line 154, in __init__
    self.nodelist = self.compile_nodelist()
                    ~~~~~~~~~~~~~~~~~~~~~^^
  File "C:\Users\mhoss\AppData\Local\Programs\Python\Python313\Lib\site-packages\django\template\base.py", line 196, in compile_nodelist
    nodelist = parser.parse()
  File "C:\Users\mhoss\AppData\Local\Programs\Python\Python313\Lib\site-packages\django\template\base.py", line 518, in parse
    raise self.error(token, e)
  File "C:\Users\mhoss\AppData\Local\Programs\Python\Python313\Lib\site-packages\django\template\base.py", line 516, in parse
    compiled_result = compile_func(self, token)
  File "C:\Users\mhoss\AppData\Local\Programs\Python\Python313\Lib\site-packages\django\template\loader_tags.py", line 299, in do_extends
    nodelist = parser.parse()
  File "C:\Users\mhoss\AppData\Local\Programs\Python\Python313\Lib\site-packages\django\template\base.py", line 512, in parse
    self.invalid_block_tag(token, command, parse_until)
    ~~~~~~~~~~~~~~~~~~~~~~^^^^^^^^^^^^^^^^^^^^^^^^^^^^^
  File "C:\Users\mhoss\AppData\Local\Programs\Python\Python313\Lib\site-packages\django\template\base.py", line 577, in invalid_block_tag
    raise self.error(
    ...<3 lines>...
    )
django.template.exceptions.TemplateSyntaxError: Invalid block tag on line 45: 'endblock'. Did you forget to register or load this tag?
"GET /campus-map/ HTTP/1.1" 500 160580
"GET /campus-map/ HTTP/1.1" 200 3374
"GET /static/login/js/campusmap.js HTTP/1.1" 304 0
"GET /campus-map/ HTTP/1.1" 200 3374
"GET /campus-map/ HTTP/1.1" 200 3374
"GET /campus-map/ HTTP/1.1" 200 3374
"GET /campus-map/ HTTP/1.1" 200 3374
"GET /campus-map/ HTTP/1.1" 200 3374
"GET /campus-map/ HTTP/1.1" 200 3374
"GET /campus-map/ HTTP/1.1" 200 3374
"GET /campus-map/ HTTP/1.1" 200 3374
"GET /campus-map/ HTTP/1.1" 200 3374
"GET /campus-map/ HTTP/1.1" 200 3374
"GET /campus-map/ HTTP/1.1" 200 3374
"GET /campus-map/ HTTP/1.1" 200 3374
"GET /campus-map/ HTTP/1.1" 200 3374
"GET /campus-map/ HTTP/1.1" 200 3374
"GET /campus-map/ HTTP/1.1" 200 3374
"GET /campus-map/ HTTP/1.1" 200 3374
C:\Users\mhoss\OneDrive\Desktop\uninav\project\login\urls.py changed, reloading.
Watching for file changes with StatReloader
"GET /campus-map/ HTTP/1.1" 200 3374
"GET /campus-map/ HTTP/1.1" 200 3374
"GET /campus-map/ HTTP/1.1" 200 3374
"GET /campus-map/ HTTP/1.1" 200 3374
"GET /campus-map/ HTTP/1.1" 200 3374
"GET /campus-map/ HTTP/1.1" 200 3374
"GET /campus-map/ HTTP/1.1" 200 3374
"GET /campus-map/ HTTP/1.1" 200 3374
"GET /campus-map/ HTTP/1.1" 200 3374
Internal Server Error: /chat/
Traceback (most recent call last):
  File "C:\Users\mhoss\AppData\Local\Programs\Python\Python313\Lib\site-packages\django\template\base.py", line 510, in parse
    compile_func = self.tags[command]
                   ~~~~~~~~~^^^^^^^^^
KeyError: 'static'

During handling of the above exception, another exception occurred:

Traceback (most recent call last):
  File "C:\Users\mhoss\AppData\Local\Programs\Python\Python313\Lib\site-packages\django\core\handlers\exception.py", line 55, in inner
    response = get_response(request)
  File "C:\Users\mhoss\AppData\Local\Programs\Python\Python313\Lib\site-packages\django\core\handlers\base.py", line 197, in _get_response
    response = wrapped_callback(request, *callback_args, **callback_kwargs)
  File "C:\Users\mhoss\OneDrive\Desktop\uninav\project\login\views.py", line 453, in chat
    return render(request, "login/chat.html", {
        "users": users,
    ...<5 lines>...
        "user_type": user_type,
    })
  File "C:\Users\mhoss\AppData\Local\Programs\Python\Python313\Lib\site-packages\django\shortcuts.py", line 25, in render
    content = loader.render_to_string(template_name, context, request, using=using)
  File "C:\Users\mhoss\AppData\Local\Programs\Python\Python313\Lib\site-packages\django\template\loader.py", line 61, in render_to_string
    template = get_template(template_name, using=using)
  File "C:\Users\mhoss\AppData\Local\Programs\Python\Python313\Lib\site-packages\django\template\loader.py", line 15, in get_template
    return engine.get_template(template_name)
           ~~~~~~~~~~~~~~~~~~~^^^^^^^^^^^^^^^
  File "C:\Users\mhoss\AppData\Local\Programs\Python\Python313\Lib\site-packages\django\template\backends\django.py", line 79, in get_template
    return Template(self.engine.get_template(template_name), self)
                    ~~~~~~~~~~~~~~~~~~~~~~~~^^^^^^^^^^^^^^^
  File "C:\Users\mhoss\AppData\Local\Programs\Python\Python313\Lib\site-packages\django\template\engine.py", line 177, in get_template
    template, origin = self.find_template(template_name)
                       ~~~~~~~~~~~~~~~~~~^^^^^^^^^^^^^^^
  File "C:\Users\mhoss\AppData\Local\Programs\Python\Python313\Lib\site-packages\django\template\engine.py", line 159, in find_template
    template = loader.get_template(name, skip=skip)
  File "C:\Users\mhoss\AppData\Local\Programs\Python\Python313\Lib\site-packages\django\template\loaders\cached.py", line 57, in get_template
    template = super().get_template(template_name, skip)
  File "C:\Users\mhoss\AppData\Local\Programs\Python\Python313\Lib\site-packages\django\template\loaders\base.py", line 28, in get_template
    return Template(
        contents,
    ...<2 lines>...
        self.engine,
    )
  File "C:\Users\mhoss\AppData\Local\Programs\Python\Python313\Lib\site-packages\django\template\base.py", line 154, in __init__
    self.nodelist = self.compile_nodelist()
                    ~~~~~~~~~~~~~~~~~~~~~^^
  File "C:\Users\mhoss\AppData\Local\Programs\Python\Python313\Lib\site-packages\django\template\base.py", line 196, in compile_nodelist
    nodelist = parser.parse()
  File "C:\Users\mhoss\AppData\Local\Programs\Python\Python313\Lib\site-packages\django\template\base.py", line 518, in parse
    raise self.error(token, e)
  File "C:\Users\mhoss\AppData\Local\Programs\Python\Python313\Lib\site-packages\django\template\base.py", line 516, in parse
    compiled_result = compile_func(self, token)
  File "C:\Users\mhoss\AppData\Local\Programs\Python\Python313\Lib\site-packages\django\template\loader_tags.py", line 299, in do_extends
    nodelist = parser.parse()
  File "C:\Users\mhoss\AppData\Local\Programs\Python\Python313\Lib\site-packages\django\template\base.py", line 518, in parse
    raise self.error(token, e)
  File "C:\Users\mhoss\AppData\Local\Programs\Python\Python313\Lib\site-packages\django\template\base.py", line 516, in parse
    compiled_result = compile_func(self, token)
  File "C:\Users\mhoss\AppData\Local\Programs\Python\Python313\Lib\site-packages\django\template\loader_tags.py", line 234, in do_block
    nodelist = parser.parse(("endblock",))
  File "C:\Users\mhoss\AppData\Local\Programs\Python\Python313\Lib\site-packages\django\template\base.py", line 512, in parse
    self.invalid_block_tag(token, command, parse_until)
    ~~~~~~~~~~~~~~~~~~~~~~^^^^^^^^^^^^^^^^^^^^^^^^^^^^^
  File "C:\Users\mhoss\AppData\Local\Programs\Python\Python313\Lib\site-packages\django\template\base.py", line 567, in invalid_block_tag
    raise self.error(
    ...<8 lines>...
    )
django.template.exceptions.TemplateSyntaxError: Invalid block tag on line 176: 'static', expected 'endblock'. Did you forget to register or load this tag?
"GET /chat/ HTTP/1.1" 500 189312
Internal Server Error: /chat/
Traceback (most recent call last):
  File "C:\Users\mhoss\AppData\Local\Programs\Python\Python313\Lib\site-packages\django\template\base.py", line 510, in parse
    compile_func = self.tags[command]
                   ~~~~~~~~~^^^^^^^^^
KeyError: 'static'

During handling of the above exception, another exception occurred:

Traceback (most recent call last):
  File "C:\Users\mhoss\AppData\Local\Programs\Python\Python313\Lib\site-packages\django\core\handlers\exception.py", line 55, in inner
    response = get_response(request)
  File "C:\Users\mhoss\AppData\Local\Programs\Python\Python313\Lib\site-packages\django\core\handlers\base.py", line 197, in _get_response
    response = wrapped_callback(request, *callback_args, **callback_kwargs)
  File "C:\Users\mhoss\OneDrive\Desktop\uninav\project\login\views.py", line 453, in chat
    return render(request, "login/chat.html", {
        "users": users,
    ...<5 lines>...
        "user_type": user_type,
    })
  File "C:\Users\mhoss\AppData\Local\Programs\Python\Python313\Lib\site-packages\django\shortcuts.py", line 25, in render
    content = loader.render_to_string(template_name, context, request, using=using)
  File "C:\Users\mhoss\AppData\Local\Programs\Python\Python313\Lib\site-packages\django\template\loader.py", line 61, in render_to_string
    template = get_template(template_name, using=using)
  File "C:\Users\mhoss\AppData\Local\Programs\Python\Python313\Lib\site-packages\django\template\loader.py", line 15, in get_template
    return engine.get_template(template_name)
           ~~~~~~~~~~~~~~~~~~~^^^^^^^^^^^^^^^
  File "C:\Users\mhoss\AppData\Local\Programs\Python\Python313\Lib\site-packages\django\template\backends\django.py", line 79, in get_template
    return Template(self.engine.get_template(template_name), self)
                    ~~~~~~~~~~~~~~~~~~~~~~~~^^^^^^^^^^^^^^^
  File "C:\Users\mhoss\AppData\Local\Programs\Python\Python313\Lib\site-packages\django\template\engine.py", line 177, in get_template
    template, origin = self.find_template(template_name)
                       ~~~~~~~~~~~~~~~~~~^^^^^^^^^^^^^^^
  File "C:\Users\mhoss\AppData\Local\Programs\Python\Python313\Lib\site-packages\django\template\engine.py", line 159, in find_template
    template = loader.get_template(name, skip=skip)
  File "C:\Users\mhoss\AppData\Local\Programs\Python\Python313\Lib\site-packages\django\template\loaders\cached.py", line 57, in get_template
    template = super().get_template(template_name, skip)
  File "C:\Users\mhoss\AppData\Local\Programs\Python\Python313\Lib\site-packages\django\template\loaders\base.py", line 28, in get_template
    return Template(
        contents,
    ...<2 lines>...
        self.engine,
    )
  File "C:\Users\mhoss\AppData\Local\Programs\Python\Python313\Lib\site-packages\django\template\base.py", line 154, in __init__
    self.nodelist = self.compile_nodelist()
                    ~~~~~~~~~~~~~~~~~~~~~^^
  File "C:\Users\mhoss\AppData\Local\Programs\Python\Python313\Lib\site-packages\django\template\base.py", line 196, in compile_nodelist
    nodelist = parser.parse()
  File "C:\Users\mhoss\AppData\Local\Programs\Python\Python313\Lib\site-packages\django\template\base.py", line 518, in parse
    raise self.error(token, e)
  File "C:\Users\mhoss\AppData\Local\Programs\Python\Python313\Lib\site-packages\django\template\base.py", line 516, in parse
    compiled_result = compile_func(self, token)
  File "C:\Users\mhoss\AppData\Local\Programs\Python\Python313\Lib\site-packages\django\template\loader_tags.py", line 299, in do_extends
    nodelist = parser.parse()
  File "C:\Users\mhoss\AppData\Local\Programs\Python\Python313\Lib\site-packages\django\template\base.py", line 518, in parse
    raise self.error(token, e)
  File "C:\Users\mhoss\AppData\Local\Programs\Python\Python313\Lib\site-packages\django\template\base.py", line 516, in parse
    compiled_result = compile_func(self, token)
  File "C:\Users\mhoss\AppData\Local\Programs\Python\Python313\Lib\site-packages\django\template\loader_tags.py", line 234, in do_block
    nodelist = parser.parse(("endblock",))
  File "C:\Users\mhoss\AppData\Local\Programs\Python\Python313\Lib\site-packages\django\template\base.py", line 512, in parse
    self.invalid_block_tag(token, command, parse_until)
    ~~~~~~~~~~~~~~~~~~~~~~^^^^^^^^^^^^^^^^^^^^^^^^^^^^^
  File "C:\Users\mhoss\AppData\Local\Programs\Python\Python313\Lib\site-packages\django\template\base.py", line 567, in invalid_block_tag
    raise self.error(
    ...<8 lines>...
    )
django.template.exceptions.TemplateSyntaxError: Invalid block tag on line 176: 'static', expected 'endblock'. Did you forget to register or load this tag?
"GET /chat/ HTTP/1.1" 500 189449
Internal Server Error: /chat/
Traceback (most recent call last):
  File "C:\Users\mhoss\AppData\Local\Programs\Python\Python313\Lib\site-packages\django\template\base.py", line 510, in parse
    compile_func = self.tags[command]
                   ~~~~~~~~~^^^^^^^^^
KeyError: 'static'

During handling of the above exception, another exception occurred:

Traceback (most recent call last):
  File "C:\Users\mhoss\AppData\Local\Programs\Python\Python313\Lib\site-packages\django\core\handlers\exception.py", line 55, in inner
    response = get_response(request)
  File "C:\Users\mhoss\AppData\Local\Programs\Python\Python313\Lib\site-packages\django\core\handlers\base.py", line 197, in _get_response
    response = wrapped_callback(request, *callback_args, **callback_kwargs)
  File "C:\Users\mhoss\OneDrive\Desktop\uninav\project\login\views.py", line 453, in chat
    return render(request, "login/chat.html", {
        "users": users,
    ...<5 lines>...
        "user_type": user_type,
    })
  File "C:\Users\mhoss\AppData\Local\Programs\Python\Python313\Lib\site-packages\django\shortcuts.py", line 25, in render
    content = loader.render_to_string(template_name, context, request, using=using)
  File "C:\Users\mhoss\AppData\Local\Programs\Python\Python313\Lib\site-packages\django\template\loader.py", line 61, in render_to_string
    template = get_template(template_name, using=using)
  File "C:\Users\mhoss\AppData\Local\Programs\Python\Python313\Lib\site-packages\django\template\loader.py", line 15, in get_template
    return engine.get_template(template_name)
           ~~~~~~~~~~~~~~~~~~~^^^^^^^^^^^^^^^
  File "C:\Users\mhoss\AppData\Local\Programs\Python\Python313\Lib\site-packages\django\template\backends\django.py", line 79, in get_template
    return Template(self.engine.get_template(template_name), self)
                    ~~~~~~~~~~~~~~~~~~~~~~~~^^^^^^^^^^^^^^^
  File "C:\Users\mhoss\AppData\Local\Programs\Python\Python313\Lib\site-packages\django\template\engine.py", line 177, in get_template
    template, origin = self.find_template(template_name)
                       ~~~~~~~~~~~~~~~~~~^^^^^^^^^^^^^^^
  File "C:\Users\mhoss\AppData\Local\Programs\Python\Python313\Lib\site-packages\django\template\engine.py", line 159, in find_template
    template = loader.get_template(name, skip=skip)
  File "C:\Users\mhoss\AppData\Local\Programs\Python\Python313\Lib\site-packages\django\template\loaders\cached.py", line 57, in get_template
    template = super().get_template(template_name, skip)
  File "C:\Users\mhoss\AppData\Local\Programs\Python\Python313\Lib\site-packages\django\template\loaders\base.py", line 28, in get_template
    return Template(
        contents,
    ...<2 lines>...
        self.engine,
    )
  File "C:\Users\mhoss\AppData\Local\Programs\Python\Python313\Lib\site-packages\django\template\base.py", line 154, in __init__
    self.nodelist = self.compile_nodelist()
                    ~~~~~~~~~~~~~~~~~~~~~^^
  File "C:\Users\mhoss\AppData\Local\Programs\Python\Python313\Lib\site-packages\django\template\base.py", line 196, in compile_nodelist
    nodelist = parser.parse()
  File "C:\Users\mhoss\AppData\Local\Programs\Python\Python313\Lib\site-packages\django\template\base.py", line 518, in parse
    raise self.error(token, e)
  File "C:\Users\mhoss\AppData\Local\Programs\Python\Python313\Lib\site-packages\django\template\base.py", line 516, in parse
    compiled_result = compile_func(self, token)
  File "C:\Users\mhoss\AppData\Local\Programs\Python\Python313\Lib\site-packages\django\template\loader_tags.py", line 299, in do_extends
    nodelist = parser.parse()
  File "C:\Users\mhoss\AppData\Local\Programs\Python\Python313\Lib\site-packages\django\template\base.py", line 518, in parse
    raise self.error(token, e)
  File "C:\Users\mhoss\AppData\Local\Programs\Python\Python313\Lib\site-packages\django\template\base.py", line 516, in parse
    compiled_result = compile_func(self, token)
  File "C:\Users\mhoss\AppData\Local\Programs\Python\Python313\Lib\site-packages\django\template\loader_tags.py", line 234, in do_block
    nodelist = parser.parse(("endblock",))
  File "C:\Users\mhoss\AppData\Local\Programs\Python\Python313\Lib\site-packages\django\template\base.py", line 512, in parse
    self.invalid_block_tag(token, command, parse_until)
    ~~~~~~~~~~~~~~~~~~~~~~^^^^^^^^^^^^^^^^^^^^^^^^^^^^^
  File "C:\Users\mhoss\AppData\Local\Programs\Python\Python313\Lib\site-packages\django\template\base.py", line 567, in invalid_block_tag
    raise self.error(
    ...<8 lines>...
    )
django.template.exceptions.TemplateSyntaxError: Invalid block tag on line 176: 'static', expected 'endblock'. Did you forget to register or load this tag?
"GET /chat/ HTTP/1.1" 500 189449
Internal Server Error: /chat/
Traceback (most recent call last):
  File "C:\Users\mhoss\AppData\Local\Programs\Python\Python313\Lib\site-packages\django\template\base.py", line 510, in parse
    compile_func = self.tags[command]
                   ~~~~~~~~~^^^^^^^^^
KeyError: 'static'

During handling of the above exception, another exception occurred:

Traceback (most recent call last):
  File "C:\Users\mhoss\AppData\Local\Programs\Python\Python313\Lib\site-packages\django\core\handlers\exception.py", line 55, in inner
    response = get_response(request)
  File "C:\Users\mhoss\AppData\Local\Programs\Python\Python313\Lib\site-packages\django\core\handlers\base.py", line 197, in _get_response
    response = wrapped_callback(request, *callback_args, **callback_kwargs)
  File "C:\Users\mhoss\OneDrive\Desktop\uninav\project\login\views.py", line 453, in chat
    return render(request, "login/chat.html", {
        "users": users,
    ...<5 lines>...
        "user_type": user_type,
    })
  File "C:\Users\mhoss\AppData\Local\Programs\Python\Python313\Lib\site-packages\django\shortcuts.py", line 25, in render
    content = loader.render_to_string(template_name, context, request, using=using)
  File "C:\Users\mhoss\AppData\Local\Programs\Python\Python313\Lib\site-packages\django\template\loader.py", line 61, in render_to_string
    template = get_template(template_name, using=using)
  File "C:\Users\mhoss\AppData\Local\Programs\Python\Python313\Lib\site-packages\django\template\loader.py", line 15, in get_template
    return engine.get_template(template_name)
           ~~~~~~~~~~~~~~~~~~~^^^^^^^^^^^^^^^
  File "C:\Users\mhoss\AppData\Local\Programs\Python\Python313\Lib\site-packages\django\template\backends\django.py", line 79, in get_template
    return Template(self.engine.get_template(template_name), self)
                    ~~~~~~~~~~~~~~~~~~~~~~~~^^^^^^^^^^^^^^^
  File "C:\Users\mhoss\AppData\Local\Programs\Python\Python313\Lib\site-packages\django\template\engine.py", line 177, in get_template
    template, origin = self.find_template(template_name)
                       ~~~~~~~~~~~~~~~~~~^^^^^^^^^^^^^^^
  File "C:\Users\mhoss\AppData\Local\Programs\Python\Python313\Lib\site-packages\django\template\engine.py", line 159, in find_template
    template = loader.get_template(name, skip=skip)
  File "C:\Users\mhoss\AppData\Local\Programs\Python\Python313\Lib\site-packages\django\template\loaders\cached.py", line 57, in get_template
    template = super().get_template(template_name, skip)
  File "C:\Users\mhoss\AppData\Local\Programs\Python\Python313\Lib\site-packages\django\template\loaders\base.py", line 28, in get_template
    return Template(
        contents,
    ...<2 lines>...
        self.engine,
    )
  File "C:\Users\mhoss\AppData\Local\Programs\Python\Python313\Lib\site-packages\django\template\base.py", line 154, in __init__
    self.nodelist = self.compile_nodelist()
                    ~~~~~~~~~~~~~~~~~~~~~^^
  File "C:\Users\mhoss\AppData\Local\Programs\Python\Python313\Lib\site-packages\django\template\base.py", line 196, in compile_nodelist
    nodelist = parser.parse()
  File "C:\Users\mhoss\AppData\Local\Programs\Python\Python313\Lib\site-packages\django\template\base.py", line 518, in parse
    raise self.error(token, e)
  File "C:\Users\mhoss\AppData\Local\Programs\Python\Python313\Lib\site-packages\django\template\base.py", line 516, in parse
    compiled_result = compile_func(self, token)
  File "C:\Users\mhoss\AppData\Local\Programs\Python\Python313\Lib\site-packages\django\template\loader_tags.py", line 299, in do_extends
    nodelist = parser.parse()
  File "C:\Users\mhoss\AppData\Local\Programs\Python\Python313\Lib\site-packages\django\template\base.py", line 518, in parse
    raise self.error(token, e)
  File "C:\Users\mhoss\AppData\Local\Programs\Python\Python313\Lib\site-packages\django\template\base.py", line 516, in parse
    compiled_result = compile_func(self, token)
  File "C:\Users\mhoss\AppData\Local\Programs\Python\Python313\Lib\site-packages\django\template\loader_tags.py", line 234, in do_block
    nodelist = parser.parse(("endblock",))
  File "C:\Users\mhoss\AppData\Local\Programs\Python\Python313\Lib\site-packages\django\template\base.py", line 512, in parse
    self.invalid_block_tag(token, command, parse_until)
    ~~~~~~~~~~~~~~~~~~~~~~^^^^^^^^^^^^^^^^^^^^^^^^^^^^^
  File "C:\Users\mhoss\AppData\Local\Programs\Python\Python313\Lib\site-packages\django\template\base.py", line 567, in invalid_block_tag
    raise self.error(
    ...<8 lines>...
    )
django.template.exceptions.TemplateSyntaxError: Invalid block tag on line 176: 'static', expected 'endblock'. Did you forget to register or load this tag?
"GET /chat/ HTTP/1.1" 500 189449
Internal Server Error: /chat/
Traceback (most recent call last):
  File "C:\Users\mhoss\AppData\Local\Programs\Python\Python313\Lib\site-packages\django\template\base.py", line 510, in parse
    compile_func = self.tags[command]
                   ~~~~~~~~~^^^^^^^^^
KeyError: 'static'

During handling of the above exception, another exception occurred:

Traceback (most recent call last):
  File "C:\Users\mhoss\AppData\Local\Programs\Python\Python313\Lib\site-packages\django\core\handlers\exception.py", line 55, in inner
    response = get_response(request)
  File "C:\Users\mhoss\AppData\Local\Programs\Python\Python313\Lib\site-packages\django\core\handlers\base.py", line 197, in _get_response
    response = wrapped_callback(request, *callback_args, **callback_kwargs)
  File "C:\Users\mhoss\OneDrive\Desktop\uninav\project\login\views.py", line 453, in chat
    return render(request, "login/chat.html", {
        "users": users,
    ...<5 lines>...
        "user_type": user_type,
    })
  File "C:\Users\mhoss\AppData\Local\Programs\Python\Python313\Lib\site-packages\django\shortcuts.py", line 25, in render
    content = loader.render_to_string(template_name, context, request, using=using)
  File "C:\Users\mhoss\AppData\Local\Programs\Python\Python313\Lib\site-packages\django\template\loader.py", line 61, in render_to_string
    template = get_template(template_name, using=using)
  File "C:\Users\mhoss\AppData\Local\Programs\Python\Python313\Lib\site-packages\django\template\loader.py", line 15, in get_template
    return engine.get_template(template_name)
           ~~~~~~~~~~~~~~~~~~~^^^^^^^^^^^^^^^
  File "C:\Users\mhoss\AppData\Local\Programs\Python\Python313\Lib\site-packages\django\template\backends\django.py", line 79, in get_template
    return Template(self.engine.get_template(template_name), self)
                    ~~~~~~~~~~~~~~~~~~~~~~~~^^^^^^^^^^^^^^^
  File "C:\Users\mhoss\AppData\Local\Programs\Python\Python313\Lib\site-packages\django\template\engine.py", line 177, in get_template
    template, origin = self.find_template(template_name)
                       ~~~~~~~~~~~~~~~~~~^^^^^^^^^^^^^^^
  File "C:\Users\mhoss\AppData\Local\Programs\Python\Python313\Lib\site-packages\django\template\engine.py", line 159, in find_template
    template = loader.get_template(name, skip=skip)
  File "C:\Users\mhoss\AppData\Local\Programs\Python\Python313\Lib\site-packages\django\template\loaders\cached.py", line 57, in get_template
    template = super().get_template(template_name, skip)
  File "C:\Users\mhoss\AppData\Local\Programs\Python\Python313\Lib\site-packages\django\template\loaders\base.py", line 28, in get_template
    return Template(
        contents,
    ...<2 lines>...
        self.engine,
    )
  File "C:\Users\mhoss\AppData\Local\Programs\Python\Python313\Lib\site-packages\django\template\base.py", line 154, in __init__
    self.nodelist = self.compile_nodelist()
                    ~~~~~~~~~~~~~~~~~~~~~^^
  File "C:\Users\mhoss\AppData\Local\Programs\Python\Python313\Lib\site-packages\django\template\base.py", line 196, in compile_nodelist
    nodelist = parser.parse()
  File "C:\Users\mhoss\AppData\Local\Programs\Python\Python313\Lib\site-packages\django\template\base.py", line 518, in parse
    raise self.error(token, e)
  File "C:\Users\mhoss\AppData\Local\Programs\Python\Python313\Lib\site-packages\django\template\base.py", line 516, in parse
    compiled_result = compile_func(self, token)
  File "C:\Users\mhoss\AppData\Local\Programs\Python\Python313\Lib\site-packages\django\template\loader_tags.py", line 299, in do_extends
    nodelist = parser.parse()
  File "C:\Users\mhoss\AppData\Local\Programs\Python\Python313\Lib\site-packages\django\template\base.py", line 518, in parse
    raise self.error(token, e)
  File "C:\Users\mhoss\AppData\Local\Programs\Python\Python313\Lib\site-packages\django\template\base.py", line 516, in parse
    compiled_result = compile_func(self, token)
  File "C:\Users\mhoss\AppData\Local\Programs\Python\Python313\Lib\site-packages\django\template\loader_tags.py", line 234, in do_block
    nodelist = parser.parse(("endblock",))
  File "C:\Users\mhoss\AppData\Local\Programs\Python\Python313\Lib\site-packages\django\template\base.py", line 512, in parse
    self.invalid_block_tag(token, command, parse_until)
    ~~~~~~~~~~~~~~~~~~~~~~^^^^^^^^^^^^^^^^^^^^^^^^^^^^^
  File "C:\Users\mhoss\AppData\Local\Programs\Python\Python313\Lib\site-packages\django\template\base.py", line 567, in invalid_block_tag
    raise self.error(
    ...<8 lines>...
    )
django.template.exceptions.TemplateSyntaxError: Invalid block tag on line 176: 'static', expected 'endblock'. Did you forget to register or load this tag?
"GET /chat/ HTTP/1.1" 500 189449
Internal Server Error: /chat/
Traceback (most recent call last):
  File "C:\Users\mhoss\AppData\Local\Programs\Python\Python313\Lib\site-packages\django\template\base.py", line 510, in parse
    compile_func = self.tags[command]
                   ~~~~~~~~~^^^^^^^^^
KeyError: 'static'

During handling of the above exception, another exception occurred:

Traceback (most recent call last):
  File "C:\Users\mhoss\AppData\Local\Programs\Python\Python313\Lib\site-packages\django\core\handlers\exception.py", line 55, in inner
    response = get_response(request)
  File "C:\Users\mhoss\AppData\Local\Programs\Python\Python313\Lib\site-packages\django\core\handlers\base.py", line 197, in _get_response
    response = wrapped_callback(request, *callback_args, **callback_kwargs)
  File "C:\Users\mhoss\OneDrive\Desktop\uninav\project\login\views.py", line 453, in chat
    return render(request, "login/chat.html", {
        "users": users,
    ...<5 lines>...
        "user_type": user_type,
    })
  File "C:\Users\mhoss\AppData\Local\Programs\Python\Python313\Lib\site-packages\django\shortcuts.py", line 25, in render
    content = loader.render_to_string(template_name, context, request, using=using)
  File "C:\Users\mhoss\AppData\Local\Programs\Python\Python313\Lib\site-packages\django\template\loader.py", line 61, in render_to_string
    template = get_template(template_name, using=using)
  File "C:\Users\mhoss\AppData\Local\Programs\Python\Python313\Lib\site-packages\django\template\loader.py", line 15, in get_template
    return engine.get_template(template_name)
           ~~~~~~~~~~~~~~~~~~~^^^^^^^^^^^^^^^
  File "C:\Users\mhoss\AppData\Local\Programs\Python\Python313\Lib\site-packages\django\template\backends\django.py", line 79, in get_template
    return Template(self.engine.get_template(template_name), self)
                    ~~~~~~~~~~~~~~~~~~~~~~~~^^^^^^^^^^^^^^^
  File "C:\Users\mhoss\AppData\Local\Programs\Python\Python313\Lib\site-packages\django\template\engine.py", line 177, in get_template
    template, origin = self.find_template(template_name)
                       ~~~~~~~~~~~~~~~~~~^^^^^^^^^^^^^^^
  File "C:\Users\mhoss\AppData\Local\Programs\Python\Python313\Lib\site-packages\django\template\engine.py", line 159, in find_template
    template = loader.get_template(name, skip=skip)
  File "C:\Users\mhoss\AppData\Local\Programs\Python\Python313\Lib\site-packages\django\template\loaders\cached.py", line 57, in get_template
    template = super().get_template(template_name, skip)
  File "C:\Users\mhoss\AppData\Local\Programs\Python\Python313\Lib\site-packages\django\template\loaders\base.py", line 28, in get_template
    return Template(
        contents,
    ...<2 lines>...
        self.engine,
    )
  File "C:\Users\mhoss\AppData\Local\Programs\Python\Python313\Lib\site-packages\django\template\base.py", line 154, in __init__
    self.nodelist = self.compile_nodelist()
                    ~~~~~~~~~~~~~~~~~~~~~^^
  File "C:\Users\mhoss\AppData\Local\Programs\Python\Python313\Lib\site-packages\django\template\base.py", line 196, in compile_nodelist
    nodelist = parser.parse()
  File "C:\Users\mhoss\AppData\Local\Programs\Python\Python313\Lib\site-packages\django\template\base.py", line 518, in parse
    raise self.error(token, e)
  File "C:\Users\mhoss\AppData\Local\Programs\Python\Python313\Lib\site-packages\django\template\base.py", line 516, in parse
    compiled_result = compile_func(self, token)
  File "C:\Users\mhoss\AppData\Local\Programs\Python\Python313\Lib\site-packages\django\template\loader_tags.py", line 299, in do_extends
    nodelist = parser.parse()
  File "C:\Users\mhoss\AppData\Local\Programs\Python\Python313\Lib\site-packages\django\template\base.py", line 518, in parse
    raise self.error(token, e)
  File "C:\Users\mhoss\AppData\Local\Programs\Python\Python313\Lib\site-packages\django\template\base.py", line 516, in parse
    compiled_result = compile_func(self, token)
  File "C:\Users\mhoss\AppData\Local\Programs\Python\Python313\Lib\site-packages\django\template\loader_tags.py", line 234, in do_block
    nodelist = parser.parse(("endblock",))
  File "C:\Users\mhoss\AppData\Local\Programs\Python\Python313\Lib\site-packages\django\template\base.py", line 512, in parse
    self.invalid_block_tag(token, command, parse_until)
    ~~~~~~~~~~~~~~~~~~~~~~^^^^^^^^^^^^^^^^^^^^^^^^^^^^^
  File "C:\Users\mhoss\AppData\Local\Programs\Python\Python313\Lib\site-packages\django\template\base.py", line 567, in invalid_block_tag
    raise self.error(
    ...<8 lines>...
    )
django.template.exceptions.TemplateSyntaxError: Invalid block tag on line 176: 'static', expected 'endblock'. Did you forget to register or load this tag?
"GET /chat/ HTTP/1.1" 500 189449
Internal Server Error: /chat/
Traceback (most recent call last):
  File "C:\Users\mhoss\AppData\Local\Programs\Python\Python313\Lib\site-packages\django\template\base.py", line 510, in parse
    compile_func = self.tags[command]
                   ~~~~~~~~~^^^^^^^^^
KeyError: 'static'

During handling of the above exception, another exception occurred:

Traceback (most recent call last):
  File "C:\Users\mhoss\AppData\Local\Programs\Python\Python313\Lib\site-packages\django\core\handlers\exception.py", line 55, in inner
    response = get_response(request)
  File "C:\Users\mhoss\AppData\Local\Programs\Python\Python313\Lib\site-packages\django\core\handlers\base.py", line 197, in _get_response
    response = wrapped_callback(request, *callback_args, **callback_kwargs)
  File "C:\Users\mhoss\OneDrive\Desktop\uninav\project\login\views.py", line 453, in chat
    return render(request, "login/chat.html", {
        "users": users,
    ...<5 lines>...
        "user_type": user_type,
    })
  File "C:\Users\mhoss\AppData\Local\Programs\Python\Python313\Lib\site-packages\django\shortcuts.py", line 25, in render
    content = loader.render_to_string(template_name, context, request, using=using)
  File "C:\Users\mhoss\AppData\Local\Programs\Python\Python313\Lib\site-packages\django\template\loader.py", line 61, in render_to_string
    template = get_template(template_name, using=using)
  File "C:\Users\mhoss\AppData\Local\Programs\Python\Python313\Lib\site-packages\django\template\loader.py", line 15, in get_template
    return engine.get_template(template_name)
           ~~~~~~~~~~~~~~~~~~~^^^^^^^^^^^^^^^
  File "C:\Users\mhoss\AppData\Local\Programs\Python\Python313\Lib\site-packages\django\template\backends\django.py", line 79, in get_template
    return Template(self.engine.get_template(template_name), self)
                    ~~~~~~~~~~~~~~~~~~~~~~~~^^^^^^^^^^^^^^^
  File "C:\Users\mhoss\AppData\Local\Programs\Python\Python313\Lib\site-packages\django\template\engine.py", line 177, in get_template
    template, origin = self.find_template(template_name)
                       ~~~~~~~~~~~~~~~~~~^^^^^^^^^^^^^^^
  File "C:\Users\mhoss\AppData\Local\Programs\Python\Python313\Lib\site-packages\django\template\engine.py", line 159, in find_template
    template = loader.get_template(name, skip=skip)
  File "C:\Users\mhoss\AppData\Local\Programs\Python\Python313\Lib\site-packages\django\template\loaders\cached.py", line 57, in get_template
    template = super().get_template(template_name, skip)
  File "C:\Users\mhoss\AppData\Local\Programs\Python\Python313\Lib\site-packages\django\template\loaders\base.py", line 28, in get_template
    return Template(
        contents,
    ...<2 lines>...
        self.engine,
    )
  File "C:\Users\mhoss\AppData\Local\Programs\Python\Python313\Lib\site-packages\django\template\base.py", line 154, in __init__
    self.nodelist = self.compile_nodelist()
                    ~~~~~~~~~~~~~~~~~~~~~^^
  File "C:\Users\mhoss\AppData\Local\Programs\Python\Python313\Lib\site-packages\django\template\base.py", line 196, in compile_nodelist
    nodelist = parser.parse()
  File "C:\Users\mhoss\AppData\Local\Programs\Python\Python313\Lib\site-packages\django\template\base.py", line 518, in parse
    raise self.error(token, e)
  File "C:\Users\mhoss\AppData\Local\Programs\Python\Python313\Lib\site-packages\django\template\base.py", line 516, in parse
    compiled_result = compile_func(self, token)
  File "C:\Users\mhoss\AppData\Local\Programs\Python\Python313\Lib\site-packages\django\template\loader_tags.py", line 299, in do_extends
    nodelist = parser.parse()
  File "C:\Users\mhoss\AppData\Local\Programs\Python\Python313\Lib\site-packages\django\template\base.py", line 518, in parse
    raise self.error(token, e)
  File "C:\Users\mhoss\AppData\Local\Programs\Python\Python313\Lib\site-packages\django\template\base.py", line 516, in parse
    compiled_result = compile_func(self, token)
  File "C:\Users\mhoss\AppData\Local\Programs\Python\Python313\Lib\site-packages\django\template\loader_tags.py", line 234, in do_block
    nodelist = parser.parse(("endblock",))
  File "C:\Users\mhoss\AppData\Local\Programs\Python\Python313\Lib\site-packages\django\template\base.py", line 512, in parse
    self.invalid_block_tag(token, command, parse_until)
    ~~~~~~~~~~~~~~~~~~~~~~^^^^^^^^^^^^^^^^^^^^^^^^^^^^^
  File "C:\Users\mhoss\AppData\Local\Programs\Python\Python313\Lib\site-packages\django\template\base.py", line 567, in invalid_block_tag
    raise self.error(
    ...<8 lines>...
    )
django.template.exceptions.TemplateSyntaxError: Invalid block tag on line 176: 'static', expected 'endblock'. Did you forget to register or load this tag?
"GET /chat/ HTTP/1.1" 500 189449
Internal Server Error: /chat/
Traceback (most recent call last):
  File "C:\Users\mhoss\AppData\Local\Programs\Python\Python313\Lib\site-packages\django\template\base.py", line 510, in parse
    compile_func = self.tags[command]
                   ~~~~~~~~~^^^^^^^^^
KeyError: 'static'

During handling of the above exception, another exception occurred:

Traceback (most recent call last):
  File "C:\Users\mhoss\AppData\Local\Programs\Python\Python313\Lib\site-packages\django\core\handlers\exception.py", line 55, in inner
    response = get_response(request)
  File "C:\Users\mhoss\AppData\Local\Programs\Python\Python313\Lib\site-packages\django\core\handlers\base.py", line 197, in _get_response
    response = wrapped_callback(request, *callback_args, **callback_kwargs)
  File "C:\Users\mhoss\OneDrive\Desktop\uninav\project\login\views.py", line 453, in chat
    return render(request, "login/chat.html", {
        "users": users,
    ...<5 lines>...
        "user_type": user_type,
    })
  File "C:\Users\mhoss\AppData\Local\Programs\Python\Python313\Lib\site-packages\django\shortcuts.py", line 25, in render
    content = loader.render_to_string(template_name, context, request, using=using)
  File "C:\Users\mhoss\AppData\Local\Programs\Python\Python313\Lib\site-packages\django\template\loader.py", line 61, in render_to_string
    template = get_template(template_name, using=using)
  File "C:\Users\mhoss\AppData\Local\Programs\Python\Python313\Lib\site-packages\django\template\loader.py", line 15, in get_template
    return engine.get_template(template_name)
           ~~~~~~~~~~~~~~~~~~~^^^^^^^^^^^^^^^
  File "C:\Users\mhoss\AppData\Local\Programs\Python\Python313\Lib\site-packages\django\template\backends\django.py", line 79, in get_template
    return Template(self.engine.get_template(template_name), self)
                    ~~~~~~~~~~~~~~~~~~~~~~~~^^^^^^^^^^^^^^^
  File "C:\Users\mhoss\AppData\Local\Programs\Python\Python313\Lib\site-packages\django\template\engine.py", line 177, in get_template
    template, origin = self.find_template(template_name)
                       ~~~~~~~~~~~~~~~~~~^^^^^^^^^^^^^^^
  File "C:\Users\mhoss\AppData\Local\Programs\Python\Python313\Lib\site-packages\django\template\engine.py", line 159, in find_template
    template = loader.get_template(name, skip=skip)
  File "C:\Users\mhoss\AppData\Local\Programs\Python\Python313\Lib\site-packages\django\template\loaders\cached.py", line 57, in get_template
    template = super().get_template(template_name, skip)
  File "C:\Users\mhoss\AppData\Local\Programs\Python\Python313\Lib\site-packages\django\template\loaders\base.py", line 28, in get_template
    return Template(
        contents,
    ...<2 lines>...
        self.engine,
    )
  File "C:\Users\mhoss\AppData\Local\Programs\Python\Python313\Lib\site-packages\django\template\base.py", line 154, in __init__
    self.nodelist = self.compile_nodelist()
                    ~~~~~~~~~~~~~~~~~~~~~^^
  File "C:\Users\mhoss\AppData\Local\Programs\Python\Python313\Lib\site-packages\django\template\base.py", line 196, in compile_nodelist
    nodelist = parser.parse()
  File "C:\Users\mhoss\AppData\Local\Programs\Python\Python313\Lib\site-packages\django\template\base.py", line 518, in parse
    raise self.error(token, e)
  File "C:\Users\mhoss\AppData\Local\Programs\Python\Python313\Lib\site-packages\django\template\base.py", line 516, in parse
    compiled_result = compile_func(self, token)
  File "C:\Users\mhoss\AppData\Local\Programs\Python\Python313\Lib\site-packages\django\template\loader_tags.py", line 299, in do_extends
    nodelist = parser.parse()
  File "C:\Users\mhoss\AppData\Local\Programs\Python\Python313\Lib\site-packages\django\template\base.py", line 518, in parse
    raise self.error(token, e)
  File "C:\Users\mhoss\AppData\Local\Programs\Python\Python313\Lib\site-packages\django\template\base.py", line 516, in parse
    compiled_result = compile_func(self, token)
  File "C:\Users\mhoss\AppData\Local\Programs\Python\Python313\Lib\site-packages\django\template\loader_tags.py", line 234, in do_block
    nodelist = parser.parse(("endblock",))
  File "C:\Users\mhoss\AppData\Local\Programs\Python\Python313\Lib\site-packages\django\template\base.py", line 512, in parse
    self.invalid_block_tag(token, command, parse_until)
    ~~~~~~~~~~~~~~~~~~~~~~^^^^^^^^^^^^^^^^^^^^^^^^^^^^^
  File "C:\Users\mhoss\AppData\Local\Programs\Python\Python313\Lib\site-packages\django\template\base.py", line 567, in invalid_block_tag
    raise self.error(
    ...<8 lines>...
    )
django.template.exceptions.TemplateSyntaxError: Invalid block tag on line 176: 'static', expected 'endblock'. Did you forget to register or load this tag?
"GET /chat/ HTTP/1.1" 500 189449
Internal Server Error: /chat/
Traceback (most recent call last):
  File "C:\Users\mhoss\AppData\Local\Programs\Python\Python313\Lib\site-packages\django\template\base.py", line 510, in parse
    compile_func = self.tags[command]
                   ~~~~~~~~~^^^^^^^^^
KeyError: 'static'

During handling of the above exception, another exception occurred:

Traceback (most recent call last):
  File "C:\Users\mhoss\AppData\Local\Programs\Python\Python313\Lib\site-packages\django\core\handlers\exception.py", line 55, in inner
    response = get_response(request)
  File "C:\Users\mhoss\AppData\Local\Programs\Python\Python313\Lib\site-packages\django\core\handlers\base.py", line 197, in _get_response
    response = wrapped_callback(request, *callback_args, **callback_kwargs)
  File "C:\Users\mhoss\OneDrive\Desktop\uninav\project\login\views.py", line 453, in chat
    return render(request, "login/chat.html", {
        "users": users,
    ...<5 lines>...
        "user_type": user_type,
    })
  File "C:\Users\mhoss\AppData\Local\Programs\Python\Python313\Lib\site-packages\django\shortcuts.py", line 25, in render
    content = loader.render_to_string(template_name, context, request, using=using)
  File "C:\Users\mhoss\AppData\Local\Programs\Python\Python313\Lib\site-packages\django\template\loader.py", line 61, in render_to_string
    template = get_template(template_name, using=using)
  File "C:\Users\mhoss\AppData\Local\Programs\Python\Python313\Lib\site-packages\django\template\loader.py", line 15, in get_template
    return engine.get_template(template_name)
           ~~~~~~~~~~~~~~~~~~~^^^^^^^^^^^^^^^
  File "C:\Users\mhoss\AppData\Local\Programs\Python\Python313\Lib\site-packages\django\template\backends\django.py", line 79, in get_template
    return Template(self.engine.get_template(template_name), self)
                    ~~~~~~~~~~~~~~~~~~~~~~~~^^^^^^^^^^^^^^^
  File "C:\Users\mhoss\AppData\Local\Programs\Python\Python313\Lib\site-packages\django\template\engine.py", line 177, in get_template
    template, origin = self.find_template(template_name)
                       ~~~~~~~~~~~~~~~~~~^^^^^^^^^^^^^^^
  File "C:\Users\mhoss\AppData\Local\Programs\Python\Python313\Lib\site-packages\django\template\engine.py", line 159, in find_template
    template = loader.get_template(name, skip=skip)
  File "C:\Users\mhoss\AppData\Local\Programs\Python\Python313\Lib\site-packages\django\template\loaders\cached.py", line 57, in get_template
    template = super().get_template(template_name, skip)
  File "C:\Users\mhoss\AppData\Local\Programs\Python\Python313\Lib\site-packages\django\template\loaders\base.py", line 28, in get_template
    return Template(
        contents,
    ...<2 lines>...
        self.engine,
    )
  File "C:\Users\mhoss\AppData\Local\Programs\Python\Python313\Lib\site-packages\django\template\base.py", line 154, in __init__
    self.nodelist = self.compile_nodelist()
                    ~~~~~~~~~~~~~~~~~~~~~^^
  File "C:\Users\mhoss\AppData\Local\Programs\Python\Python313\Lib\site-packages\django\template\base.py", line 196, in compile_nodelist
    nodelist = parser.parse()
  File "C:\Users\mhoss\AppData\Local\Programs\Python\Python313\Lib\site-packages\django\template\base.py", line 518, in parse
    raise self.error(token, e)
  File "C:\Users\mhoss\AppData\Local\Programs\Python\Python313\Lib\site-packages\django\template\base.py", line 516, in parse
    compiled_result = compile_func(self, token)
  File "C:\Users\mhoss\AppData\Local\Programs\Python\Python313\Lib\site-packages\django\template\loader_tags.py", line 299, in do_extends
    nodelist = parser.parse()
  File "C:\Users\mhoss\AppData\Local\Programs\Python\Python313\Lib\site-packages\django\template\base.py", line 518, in parse
    raise self.error(token, e)
  File "C:\Users\mhoss\AppData\Local\Programs\Python\Python313\Lib\site-packages\django\template\base.py", line 516, in parse
    compiled_result = compile_func(self, token)
  File "C:\Users\mhoss\AppData\Local\Programs\Python\Python313\Lib\site-packages\django\template\loader_tags.py", line 234, in do_block
    nodelist = parser.parse(("endblock",))
  File "C:\Users\mhoss\AppData\Local\Programs\Python\Python313\Lib\site-packages\django\template\base.py", line 512, in parse
    self.invalid_block_tag(token, command, parse_until)
    ~~~~~~~~~~~~~~~~~~~~~~^^^^^^^^^^^^^^^^^^^^^^^^^^^^^
  File "C:\Users\mhoss\AppData\Local\Programs\Python\Python313\Lib\site-packages\django\template\base.py", line 567, in invalid_block_tag
    raise self.error(
    ...<8 lines>...
    )
django.template.exceptions.TemplateSyntaxError: Invalid block tag on line 176: 'static', expected 'endblock'. Did you forget to register or load this tag?
"GET /chat/ HTTP/1.1" 500 189449
Internal Server Error: /chat/
Traceback (most recent call last):
  File "C:\Users\mhoss\AppData\Local\Programs\Python\Python313\Lib\site-packages\django\template\base.py", line 510, in parse
    compile_func = self.tags[command]
                   ~~~~~~~~~^^^^^^^^^
KeyError: 'static'

During handling of the above exception, another exception occurred:

Traceback (most recent call last):
  File "C:\Users\mhoss\AppData\Local\Programs\Python\Python313\Lib\site-packages\django\core\handlers\exception.py", line 55, in inner
    response = get_response(request)
  File "C:\Users\mhoss\AppData\Local\Programs\Python\Python313\Lib\site-packages\django\core\handlers\base.py", line 197, in _get_response
    response = wrapped_callback(request, *callback_args, **callback_kwargs)
  File "C:\Users\mhoss\OneDrive\Desktop\uninav\project\login\views.py", line 453, in chat
    return render(request, "login/chat.html", {
        "users": users,
    ...<5 lines>...
        "user_type": user_type,
    })
  File "C:\Users\mhoss\AppData\Local\Programs\Python\Python313\Lib\site-packages\django\shortcuts.py", line 25, in render
    content = loader.render_to_string(template_name, context, request, using=using)
  File "C:\Users\mhoss\AppData\Local\Programs\Python\Python313\Lib\site-packages\django\template\loader.py", line 61, in render_to_string
    template = get_template(template_name, using=using)
  File "C:\Users\mhoss\AppData\Local\Programs\Python\Python313\Lib\site-packages\django\template\loader.py", line 15, in get_template
    return engine.get_template(template_name)
           ~~~~~~~~~~~~~~~~~~~^^^^^^^^^^^^^^^
  File "C:\Users\mhoss\AppData\Local\Programs\Python\Python313\Lib\site-packages\django\template\backends\django.py", line 79, in get_template
    return Template(self.engine.get_template(template_name), self)
                    ~~~~~~~~~~~~~~~~~~~~~~~~^^^^^^^^^^^^^^^
  File "C:\Users\mhoss\AppData\Local\Programs\Python\Python313\Lib\site-packages\django\template\engine.py", line 177, in get_template
    template, origin = self.find_template(template_name)
                       ~~~~~~~~~~~~~~~~~~^^^^^^^^^^^^^^^
  File "C:\Users\mhoss\AppData\Local\Programs\Python\Python313\Lib\site-packages\django\template\engine.py", line 159, in find_template
    template = loader.get_template(name, skip=skip)
  File "C:\Users\mhoss\AppData\Local\Programs\Python\Python313\Lib\site-packages\django\template\loaders\cached.py", line 57, in get_template
    template = super().get_template(template_name, skip)
  File "C:\Users\mhoss\AppData\Local\Programs\Python\Python313\Lib\site-packages\django\template\loaders\base.py", line 28, in get_template
    return Template(
        contents,
    ...<2 lines>...
        self.engine,
    )
  File "C:\Users\mhoss\AppData\Local\Programs\Python\Python313\Lib\site-packages\django\template\base.py", line 154, in __init__
    self.nodelist = self.compile_nodelist()
                    ~~~~~~~~~~~~~~~~~~~~~^^
  File "C:\Users\mhoss\AppData\Local\Programs\Python\Python313\Lib\site-packages\django\template\base.py", line 196, in compile_nodelist
    nodelist = parser.parse()
  File "C:\Users\mhoss\AppData\Local\Programs\Python\Python313\Lib\site-packages\django\template\base.py", line 518, in parse
    raise self.error(token, e)
  File "C:\Users\mhoss\AppData\Local\Programs\Python\Python313\Lib\site-packages\django\template\base.py", line 516, in parse
    compiled_result = compile_func(self, token)
  File "C:\Users\mhoss\AppData\Local\Programs\Python\Python313\Lib\site-packages\django\template\loader_tags.py", line 299, in do_extends
    nodelist = parser.parse()
  File "C:\Users\mhoss\AppData\Local\Programs\Python\Python313\Lib\site-packages\django\template\base.py", line 518, in parse
    raise self.error(token, e)
  File "C:\Users\mhoss\AppData\Local\Programs\Python\Python313\Lib\site-packages\django\template\base.py", line 516, in parse
    compiled_result = compile_func(self, token)
  File "C:\Users\mhoss\AppData\Local\Programs\Python\Python313\Lib\site-packages\django\template\loader_tags.py", line 234, in do_block
    nodelist = parser.parse(("endblock",))
  File "C:\Users\mhoss\AppData\Local\Programs\Python\Python313\Lib\site-packages\django\template\base.py", line 512, in parse
    self.invalid_block_tag(token, command, parse_until)
    ~~~~~~~~~~~~~~~~~~~~~~^^^^^^^^^^^^^^^^^^^^^^^^^^^^^
  File "C:\Users\mhoss\AppData\Local\Programs\Python\Python313\Lib\site-packages\django\template\base.py", line 567, in invalid_block_tag
    raise self.error(
    ...<8 lines>...
    )
django.template.exceptions.TemplateSyntaxError: Invalid block tag on line 176: 'static', expected 'endblock'. Did you forget to register or load this tag?
"GET /chat/ HTTP/1.1" 500 189449
Internal Server Error: /chat/
Traceback (most recent call last):
  File "C:\Users\mhoss\AppData\Local\Programs\Python\Python313\Lib\site-packages\django\template\base.py", line 510, in parse
    compile_func = self.tags[command]
                   ~~~~~~~~~^^^^^^^^^
KeyError: 'static'

During handling of the above exception, another exception occurred:

Traceback (most recent call last):
  File "C:\Users\mhoss\AppData\Local\Programs\Python\Python313\Lib\site-packages\django\core\handlers\exception.py", line 55, in inner
    response = get_response(request)
  File "C:\Users\mhoss\AppData\Local\Programs\Python\Python313\Lib\site-packages\django\core\handlers\base.py", line 197, in _get_response
    response = wrapped_callback(request, *callback_args, **callback_kwargs)
  File "C:\Users\mhoss\OneDrive\Desktop\uninav\project\login\views.py", line 453, in chat
    return render(request, "login/chat.html", {
        "users": users,
    ...<5 lines>...
        "user_type": user_type,
    })
  File "C:\Users\mhoss\AppData\Local\Programs\Python\Python313\Lib\site-packages\django\shortcuts.py", line 25, in render
    content = loader.render_to_string(template_name, context, request, using=using)
  File "C:\Users\mhoss\AppData\Local\Programs\Python\Python313\Lib\site-packages\django\template\loader.py", line 61, in render_to_string
    template = get_template(template_name, using=using)
  File "C:\Users\mhoss\AppData\Local\Programs\Python\Python313\Lib\site-packages\django\template\loader.py", line 15, in get_template
    return engine.get_template(template_name)
           ~~~~~~~~~~~~~~~~~~~^^^^^^^^^^^^^^^
  File "C:\Users\mhoss\AppData\Local\Programs\Python\Python313\Lib\site-packages\django\template\backends\django.py", line 79, in get_template
    return Template(self.engine.get_template(template_name), self)
                    ~~~~~~~~~~~~~~~~~~~~~~~~^^^^^^^^^^^^^^^
  File "C:\Users\mhoss\AppData\Local\Programs\Python\Python313\Lib\site-packages\django\template\engine.py", line 177, in get_template
    template, origin = self.find_template(template_name)
                       ~~~~~~~~~~~~~~~~~~^^^^^^^^^^^^^^^
  File "C:\Users\mhoss\AppData\Local\Programs\Python\Python313\Lib\site-packages\django\template\engine.py", line 159, in find_template
    template = loader.get_template(name, skip=skip)
  File "C:\Users\mhoss\AppData\Local\Programs\Python\Python313\Lib\site-packages\django\template\loaders\cached.py", line 57, in get_template
    template = super().get_template(template_name, skip)
  File "C:\Users\mhoss\AppData\Local\Programs\Python\Python313\Lib\site-packages\django\template\loaders\base.py", line 28, in get_template
    return Template(
        contents,
    ...<2 lines>...
        self.engine,
    )
  File "C:\Users\mhoss\AppData\Local\Programs\Python\Python313\Lib\site-packages\django\template\base.py", line 154, in __init__
    self.nodelist = self.compile_nodelist()
                    ~~~~~~~~~~~~~~~~~~~~~^^
  File "C:\Users\mhoss\AppData\Local\Programs\Python\Python313\Lib\site-packages\django\template\base.py", line 196, in compile_nodelist
    nodelist = parser.parse()
  File "C:\Users\mhoss\AppData\Local\Programs\Python\Python313\Lib\site-packages\django\template\base.py", line 518, in parse
    raise self.error(token, e)
  File "C:\Users\mhoss\AppData\Local\Programs\Python\Python313\Lib\site-packages\django\template\base.py", line 516, in parse
    compiled_result = compile_func(self, token)
  File "C:\Users\mhoss\AppData\Local\Programs\Python\Python313\Lib\site-packages\django\template\loader_tags.py", line 299, in do_extends
    nodelist = parser.parse()
  File "C:\Users\mhoss\AppData\Local\Programs\Python\Python313\Lib\site-packages\django\template\base.py", line 518, in parse
    raise self.error(token, e)
  File "C:\Users\mhoss\AppData\Local\Programs\Python\Python313\Lib\site-packages\django\template\base.py", line 516, in parse
    compiled_result = compile_func(self, token)
  File "C:\Users\mhoss\AppData\Local\Programs\Python\Python313\Lib\site-packages\django\template\loader_tags.py", line 234, in do_block
    nodelist = parser.parse(("endblock",))
  File "C:\Users\mhoss\AppData\Local\Programs\Python\Python313\Lib\site-packages\django\template\base.py", line 512, in parse
    self.invalid_block_tag(token, command, parse_until)
    ~~~~~~~~~~~~~~~~~~~~~~^^^^^^^^^^^^^^^^^^^^^^^^^^^^^
  File "C:\Users\mhoss\AppData\Local\Programs\Python\Python313\Lib\site-packages\django\template\base.py", line 567, in invalid_block_tag
    raise self.error(
    ...<8 lines>...
    )
django.template.exceptions.TemplateSyntaxError: Invalid block tag on line 176: 'static', expected 'endblock'. Did you forget to register or load this tag?
"GET /chat/ HTTP/1.1" 500 189449
Watching for file changes with StatReloader
"GET / HTTP/1.1" 302 0
"GET /login/ HTTP/1.1" 200 3072
Not Found: /favicon.ico
"GET /favicon.ico HTTP/1.1" 404 8955
"POST /login/ HTTP/1.1" 302 0
"GET /dashboard/ HTTP/1.1" 200 5876
"GET /campus-map/ HTTP/1.1" 200 3375
"GET /static/login/js/campusmap.js HTTP/1.1" 200 1329
"GET /campus-map/ HTTP/1.1" 200 3375
"GET /static/login/js/campusmap.js HTTP/1.1" 304 0
"GET /campus-map/ HTTP/1.1" 200 3404
"GET /static/login/js/campusmap.js HTTP/1.1" 200 1329
"GET /static/login/image/1st-floor.png HTTP/1.1" 304 0
"GET /chat/ HTTP/1.1" 200 16321
"GET /campus-map/ HTTP/1.1" 200 3404
"GET /static/login/js/campusmap.js HTTP/1.1" 304 0
C:\Users\mhoss\OneDrive\Desktop\uninav\project\login\urls.py changed, reloading.
Watching for file changes with StatReloader
C:\Users\mhoss\OneDrive\Desktop\uninav\project\login\admin.py changed, reloading.
Watching for file changes with StatReloader
C:\Users\mhoss\OneDrive\Desktop\uninav\project\login\admin.py changed, reloading.
Watching for file changes with StatReloader
C:\Users\mhoss\OneDrive\Desktop\uninav\project\login\models.py changed, reloading.
Watching for file changes with StatReloader
C:\Users\mhoss\OneDrive\Desktop\uninav\project\login\views.py changed, reloading.
Watching for file changes with StatReloader
"GET / HTTP/1.1" 302 0
"GET /login/ HTTP/1.1" 200 3285
"POST /login/ HTTP/1.1" 302 0
"GET /dashboard/ HTTP/1.1" 200 5876
"GET /chat/ HTTP/1.1" 200 16321
"GET /campus-map/ HTTP/1.1" 200 3404
"GET /static/login/js/campusmap.js HTTP/1.1" 304 0
"GET /campus-map/ HTTP/1.1" 200 3404
"GET /static/login/js/campusmap.js HTTP/1.1" 200 1329
"GET /campus-map/ HTTP/1.1" 200 3584
"GET /static/login/js/campusmap.js HTTP/1.1" 200 5556
"GET /chat/ HTTP/1.1" 200 16321
"GET /chat/?id=2&type=user HTTP/1.1" 200 20250
Not Found: /ws/chat/user/2/
"GET /ws/chat/user/2/ HTTP/1.1" 404 8700
"GET /chat/ HTTP/1.1" 200 16321
"GET /campus-map/ HTTP/1.1" 200 3584
"GET /static/login/js/campusmap.js HTTP/1.1" 304 0
"GET /chat/ HTTP/1.1" 200 16321
"GET /chat/?id=2&type=user HTTP/1.1" 200 20250
Not Found: /ws/chat/user/2/
"GET /ws/chat/user/2/ HTTP/1.1" 404 8700
"GET /chat/?id=2&type=group HTTP/1.1" 200 18121
Not Found: /ws/chat/group/2/
"GET /ws/chat/group/2/ HTTP/1.1" 404 8703
"GET /chat/?id=3&type=group HTTP/1.1" 200 18127
Not Found: /ws/chat/group/3/
"GET /ws/chat/group/3/ HTTP/1.1" 404 8703
"GET /chat/?id=2&type=user HTTP/1.1" 200 20250
Not Found: /ws/chat/user/2/
"GET /ws/chat/user/2/ HTTP/1.1" 404 8700
"GET /chat/?id=3&type=user HTTP/1.1" 200 18119
Not Found: /ws/chat/user/3/
"GET /ws/chat/user/3/ HTTP/1.1" 404 8700
"GET /chat/?id=10&type=user HTTP/1.1" 200 18121
Not Found: /ws/chat/user/10/
"GET /ws/chat/user/10/ HTTP/1.1" 404 8703
"GET /chat/?id=2&type=user HTTP/1.1" 200 20250
Not Found: /ws/chat/user/2/
"GET /ws/chat/user/2/ HTTP/1.1" 404 8700
"POST /send-message/ HTTP/1.1" 200 143
"GET /chat/?id=2&type=user HTTP/1.1" 200 22509
Not Found: /ws/chat/user/2/
"GET /ws/chat/user/2/ HTTP/1.1" 404 8700
"GET /media/attachments/VALORANT___8_18_2025_2_34_02_AM.png HTTP/1.1" 200 3861914
"GET /chat/ HTTP/1.1" 200 16321
"GET /campus-map/ HTTP/1.1" 200 3584
"GET /static/login/js/campusmap.js HTTP/1.1" 304 0
"GET /campus-map/ HTTP/1.1" 200 3404
"GET /static/login/js/campusmap.js HTTP/1.1" 200 1329
Watching for file changes with StatReloader
"GET / HTTP/1.1" 302 0
"GET /login/ HTTP/1.1" 200 3072
"GET /static/login/js/script.js HTTP/1.1" 304 0
"GET /static/login/css/style.css HTTP/1.1" 200 9853
Not Found: /favicon.ico
"GET /favicon.ico HTTP/1.1" 404 8688
"POST /login/ HTTP/1.1" 302 0
"GET /login/ HTTP/1.1" 200 3544
"POST /login/ HTTP/1.1" 302 0
"GET /login/ HTTP/1.1" 200 3544
- Broken pipe from ('127.0.0.1', 58578)
"POST /login/ HTTP/1.1" 302 0
"GET /dashboard/ HTTP/1.1" 200 6128
"GET /shop/ HTTP/1.1" 200 7609
"GET /media/products/arduino.jpeg HTTP/1.1" 304 0
"GET /media/products/thermal_sensor.jpeg HTTP/1.1" 304 0
"GET /media/products/display.jpeg HTTP/1.1" 304 0
"GET /media/products/lifi-data-transfer-25.jpg HTTP/1.1" 304 0
"GET /media/products/ultra.jpeg HTTP/1.1" 304 0
"GET /media/products/VALORANT___8_18_2025_2_34_41_AM_NmgNFuI.png HTTP/1.1" 304 0
"GET /chat/ HTTP/1.1" 200 16319
"GET /chat/?id=3&type=user HTTP/1.1" 200 18117
Not Found: /ws/chat/user/3/
"GET /ws/chat/user/3/ HTTP/1.1" 404 8700
"POST /send-message/ HTTP/1.1" 200 91
"POST /send-message/ HTTP/1.1" 200 91
"GET /campus-map/ HTTP/1.1" 200 3404
"GET /static/login/js/campusmap.js HTTP/1.1" 304 0
"GET /static/login/image/1st-floor.png HTTP/1.1" 304 0
"GET /logout/ HTTP/1.1" 302 0
"GET /login/ HTTP/1.1" 200 3550
"POST /login/ HTTP/1.1" 302 0
"GET /dashboard/ HTTP/1.1" 200 5876
"GET /cart/ HTTP/1.1" 200 2356
"GET /chat/ HTTP/1.1" 200 16321
"GET /chat/?id=3&type=user HTTP/1.1" 200 18119
Not Found: /ws/chat/user/3/
"GET /ws/chat/user/3/ HTTP/1.1" 404 8700
"GET /chat/?id=3&type=user HTTP/1.1" 200 18119
Not Found: /ws/chat/user/3/
"GET /ws/chat/user/3/ HTTP/1.1" 404 8700
"GET /chat/?id=3&type=user HTTP/1.1" 200 18119
Not Found: /ws/chat/user/3/
"GET /ws/chat/user/3/ HTTP/1.1" 404 8700
"GET /chat/?id=10&type=user HTTP/1.1" 200 18121
Not Found: /ws/chat/user/10/
"GET /ws/chat/user/10/ HTTP/1.1" 404 8703
"GET /chat/?id=2&type=user HTTP/1.1" 200 22509
Not Found: /ws/chat/user/2/
"GET /ws/chat/user/2/ HTTP/1.1" 404 8700
"GET /chat/?id=2&type=group HTTP/1.1" 200 18121
Not Found: /ws/chat/group/2/
"GET /ws/chat/group/2/ HTTP/1.1" 404 8703
"GET /dashboard/ HTTP/1.1" 200 5399
"GET /shop/ HTTP/1.1" 200 7609
"GET /add-to-cart/4/ HTTP/1.1" 302 0
"GET /shop/ HTTP/1.1" 200 8085
"GET /cart/ HTTP/1.1" 200 3460
"GET /payment/ HTTP/1.1" 200 3473
"POST /process-payment/ HTTP/1.1" 302 0
"GET /payment-success/9/ HTTP/1.1" 200 4320
"POST /return-request/ HTTP/1.1" 302 0
"GET /payment-success/9/ HTTP/1.1" 200 4327
"GET /campus-map/ HTTP/1.1" 200 3404
"GET /static/login/image/2nd-floor.png HTTP/1.1" 304 0
"GET /static/login/image/3rd-floor.png HTTP/1.1" 304 0
"GET /static/login/image/4th-floor.png HTTP/1.1" 304 0
"GET /static/login/image/5th-floor.png HTTP/1.1" 304 0
"GET /shop/ HTTP/1.1" 200 7609
"GET /campus-map/ HTTP/1.1" 200 3404
"GET /logout/ HTTP/1.1" 302 0
"GET /login/ HTTP/1.1" 200 3550
"POST /login/ HTTP/1.1" 302 0
"GET /login/ HTTP/1.1" 200 3544
"POST /login/ HTTP/1.1" 302 0
"GET /dashboard/ HTTP/1.1" 200 6128
"GET /cart/ HTTP/1.1" 200 2356
"GET /shop/ HTTP/1.1" 200 7609
Internal Server Error: /add-product/
Traceback (most recent call last):
  File "C:\Users\mhoss\AppData\Local\Programs\Python\Python313\Lib\site-packages\django\core\handlers\exception.py", line 55, in inner
    response = get_response(request)
  File "C:\Users\mhoss\AppData\Local\Programs\Python\Python313\Lib\site-packages\django\core\handlers\base.py", line 197, in _get_response
    response = wrapped_callback(request, *callback_args, **callback_kwargs)
  File "C:\Users\mhoss\OneDrive\Desktop\uninav\project\login\views.py", line 255, in add_product
    return render(request, "login/add_product.html")
  File "C:\Users\mhoss\AppData\Local\Programs\Python\Python313\Lib\site-packages\django\shortcuts.py", line 25, in render
    content = loader.render_to_string(template_name, context, request, using=using)
  File "C:\Users\mhoss\AppData\Local\Programs\Python\Python313\Lib\site-packages\django\template\loader.py", line 61, in render_to_string
    template = get_template(template_name, using=using)
  File "C:\Users\mhoss\AppData\Local\Programs\Python\Python313\Lib\site-packages\django\template\loader.py", line 19, in get_template
    raise TemplateDoesNotExist(template_name, chain=chain)
django.template.exceptions.TemplateDoesNotExist: login/add_product.html
"GET /add-product/ HTTP/1.1" 500 85525
"GET /register/ HTTP/1.1" 200 4779
"GET /shop/ HTTP/1.1" 200 7609
"GET /dashboard/ HTTP/1.1" 200 5651
"GET /logout/ HTTP/1.1" 302 0
"GET /login/ HTTP/1.1" 200 3550
"GET /logout/ HTTP/1.1" 302 0
"GET /login/ HTTP/1.1" 200 3550
Watching for file changes with StatReloader
"GET / HTTP/1.1" 302 0
"GET /login/ HTTP/1.1" 200 3072
"GET /static/login/css/style.css HTTP/1.1" 200 9853
"GET /static/login/js/script.js HTTP/1.1" 200 9985
Not Found: /favicon.ico
"GET /favicon.ico HTTP/1.1" 404 8688
"POST /login/ HTTP/1.1" 302 0
"GET /login/ HTTP/1.1" 200 3544
"POST /login/ HTTP/1.1" 302 0
"GET /login/ HTTP/1.1" 200 3544
"POST /login/ HTTP/1.1" 302 0
"GET /dashboard/ HTTP/1.1" 200 5876
"GET /campus-map/ HTTP/1.1" 200 3404
"GET /static/login/js/campusmap.js HTTP/1.1" 200 1329
"GET /static/login/image/1st-floor.png HTTP/1.1" 200 6440450
"GET /shop/ HTTP/1.1" 200 7609
"GET /media/products/thermal_sensor.jpeg HTTP/1.1" 200 4758
"GET /media/products/display.jpeg HTTP/1.1" 200 5493
"GET /media/products/arduino.jpeg HTTP/1.1" 200 10816
"GET /media/products/ultra.jpeg HTTP/1.1" 200 7533
"GET /media/products/lifi-data-transfer-25.jpg HTTP/1.1" 200 59023
"GET /media/products/VALORANT___8_18_2025_2_34_41_AM_NmgNFuI.png HTTP/1.1" 200 3184311
"GET /cart/ HTTP/1.1" 200 2356
"GET /dashboard/ HTTP/1.1" 200 5399
"GET /chat/ HTTP/1.1" 200 16321
"GET /chat/?id=2&type=user HTTP/1.1" 200 22509
Not Found: /ws/chat/user/2/
"GET /ws/chat/user/2/ HTTP/1.1" 404 8700
"GET /chat/ HTTP/1.1" 200 16321
"GET /dashboard/ HTTP/1.1" 200 5399
"GET /cart/ HTTP/1.1" 200 2356
"GET /shop/ HTTP/1.1" 200 7609
"GET /cart/ HTTP/1.1" 200 2356
"GET /dashboard/ HTTP/1.1" 200 5399
"GET /dashboard/ HTTP/1.1" 200 5399
"GET /chat/ HTTP/1.1" 200 16321
"GET /campus-map/ HTTP/1.1" 200 3404
"GET /logout/ HTTP/1.1" 302 0
"GET /login/ HTTP/1.1" 200 3550
"POST /login/ HTTP/1.1" 302 0
"GET /dashboard/ HTTP/1.1" 200 5876
"GET /cart/ HTTP/1.1" 200 2356
"GET /shop/ HTTP/1.1" 200 7609
"GET /dashboard/ HTTP/1.1" 200 5399
"GET /chat/ HTTP/1.1" 200 16321
"GET /chat/?id=2&type=user HTTP/1.1" 200 22509
Not Found: /ws/chat/user/2/
"GET /ws/chat/user/2/ HTTP/1.1" 404 8700
"GET /chat/?id=3&type=user HTTP/1.1" 200 18119
Not Found: /ws/chat/user/3/
"GET /ws/chat/user/3/ HTTP/1.1" 404 8700
"GET /chat/?id=10&type=user HTTP/1.1" 200 18121
Not Found: /ws/chat/user/10/
"GET /ws/chat/user/10/ HTTP/1.1" 404 8703
"GET /logout/ HTTP/1.1" 302 0
"GET /login/ HTTP/1.1" 200 3550
"POST /login/ HTTP/1.1" 302 0
"GET /dashboard/ HTTP/1.1" 200 6128
Internal Server Error: /add-product/
Traceback (most recent call last):
  File "C:\Users\mhoss\AppData\Local\Programs\Python\Python313\Lib\site-packages\django\core\handlers\exception.py", line 55, in inner
    response = get_response(request)
  File "C:\Users\mhoss\AppData\Local\Programs\Python\Python313\Lib\site-packages\django\core\handlers\base.py", line 197, in _get_response
    response = wrapped_callback(request, *callback_args, **callback_kwargs)
  File "C:\Users\mhoss\OneDrive\Desktop\uninav\project\login\views.py", line 255, in add_product
    return render(request, "login/add_product.html")
  File "C:\Users\mhoss\AppData\Local\Programs\Python\Python313\Lib\site-packages\django\shortcuts.py", line 25, in render
    content = loader.render_to_string(template_name, context, request, using=using)
  File "C:\Users\mhoss\AppData\Local\Programs\Python\Python313\Lib\site-packages\django\template\loader.py", line 61, in render_to_string
    template = get_template(template_name, using=using)
  File "C:\Users\mhoss\AppData\Local\Programs\Python\Python313\Lib\site-packages\django\template\loader.py", line 19, in get_template
    raise TemplateDoesNotExist(template_name, chain=chain)
django.template.exceptions.TemplateDoesNotExist: login/add_product.html
"GET /add-product/ HTTP/1.1" 500 85566
"GET /dashboard/ HTTP/1.1" 200 5651
"GET /dashboard/ HTTP/1.1" 200 5651
"GET /dashboard/ HTTP/1.1" 200 5651
"GET /dashboard/ HTTP/1.1" 200 5651
"GET /dashboard/ HTTP/1.1" 200 5651
"GET /dashboard/ HTTP/1.1" 200 5651
"GET /dashboard/ HTTP/1.1" 200 5651
"GET /chat/ HTTP/1.1" 200 16319
"GET /campus-map/ HTTP/1.1" 200 3404
"GET /dashboard/ HTTP/1.1" 200 5651
Watching for file changes with StatReloader
"GET / HTTP/1.1" 302 0
"GET /login/ HTTP/1.1" 200 5895
"GET /static/login/css/style.css HTTP/1.1" 200 9853
"GET /static/login/js/script.js HTTP/1.1" 200 9985
Not Found: /favicon.ico
"GET /favicon.ico HTTP/1.1" 404 8688
"GET /login/ HTTP/1.1" 200 6242
"GET /login/ HTTP/1.1" 200 6633
"GET /register/ HTTP/1.1" 200 4566
"GET /login/ HTTP/1.1" 200 6743
"GET /static/login/css/style.css HTTP/1.1" 304 0
"GET /static/login/image/logo.png HTTP/1.1" 404 1987
"GET /static/login/js/script.js HTTP/1.1" 304 0
"GET /static/login/image/bg.jpg HTTP/1.1" 404 1981
"GET /login/ HTTP/1.1" 200 6791
"GET /static/login/image/logo.png HTTP/1.1" 404 1987
"GET /static/login/image/bg.jpg HTTP/1.1" 404 1981
"GET /login/ HTTP/1.1" 200 6791
"GET /static/login/image/logo.png HTTP/1.1" 404 1987
"GET /static/login/image/bg.jpg HTTP/1.1" 404 1981
"GET /login/ HTTP/1.1" 200 6791
"GET /static/login/image/logo.png HTTP/1.1" 404 1987
"GET /static/login/image/bg.jpg HTTP/1.1" 404 1981
"GET /login/ HTTP/1.1" 200 6791
"GET /static/login/image/logo.png HTTP/1.1" 404 1987
"GET /static/login/image/bg.jpg HTTP/1.1" 404 1981
"GET /login/ HTTP/1.1" 200 6791
"GET /static/login/image/logo.png HTTP/1.1" 404 1987
"GET /static/login/image/bg.jpg HTTP/1.1" 404 1981
"GET /login/ HTTP/1.1" 200 6791
"GET /static/login/image/logo.png HTTP/1.1" 404 1987
"GET /static/login/image/bg.jpg HTTP/1.1" 404 1981
"GET /login/ HTTP/1.1" 200 6791
"GET /static/login/image/logo.png HTTP/1.1" 404 1987
"GET /static/login/image/bg.jpg HTTP/1.1" 404 1981
"GET /login/ HTTP/1.1" 200 6791
"GET /static/login/image/logo.png HTTP/1.1" 404 1987
"GET /static/login/image/bg.jpg HTTP/1.1" 404 1981
"GET /login/ HTTP/1.1" 200 6791
"GET /static/login/image/logo.png HTTP/1.1" 404 1987
"GET /static/login/image/bg.jpg HTTP/1.1" 404 1981
"GET /login/ HTTP/1.1" 200 6791
"GET /static/login/image/logo.png HTTP/1.1" 404 1987
"GET /static/login/image/bg.jpg HTTP/1.1" 404 1981
"GET /login/ HTTP/1.1" 200 6743
"GET /static/login/image/logo.png HTTP/1.1" 404 1987
"GET /static/login/image/bg.jpg HTTP/1.1" 404 1981
"GET /login/ HTTP/1.1" 200 6743
"GET /static/login/image/logo.png HTTP/1.1" 404 1987
"GET /static/login/image/bg.jpg HTTP/1.1" 404 1981
"GET /login/ HTTP/1.1" 200 6743
"GET /static/login/image/logo.png HTTP/1.1" 404 1987
"GET /static/login/image/bg.jpg HTTP/1.1" 404 1981
"GET /login/ HTTP/1.1" 200 6743
"GET /static/login/image/logo.png HTTP/1.1" 404 1987
"GET /static/login/image/bg.jpg HTTP/1.1" 404 1981
"GET /login/ HTTP/1.1" 200 6242
"GET /login/ HTTP/1.1" 200 6407
"GET /login/ HTTP/1.1" 200 6993
"GET /static/login/image/logo.png HTTP/1.1" 404 1987
"GET /static/login/image/bg.jpg HTTP/1.1" 404 1981
"GET /login/ HTTP/1.1" 200 6407
"GET /login/ HTTP/1.1" 200 6916
"GET /static/login/css/style.css HTTP/1.1" 304 0
"GET /static/login/js/script.js HTTP/1.1" 304 0
"GET /static/login/image/logo.png HTTP/1.1" 404 1987
"GET /login/ HTTP/1.1" 200 6699
"GET /login/ HTTP/1.1" 200 6809
"GET /register/ HTTP/1.1" 200 4566
"GET /register/ HTTP/1.1" 200 7789
"GET /register/ HTTP/1.1" 200 4566
"GET /register/ HTTP/1.1" 200 9900
"GET /static/login/js/script.js HTTP/1.1" 304 0
"GET /static/login/css/style.css HTTP/1.1" 304 0
"GET /register/ HTTP/1.1" 200 10037
"GET /register/ HTTP/1.1" 200 9900
"GET /register/ HTTP/1.1" 200 10037
"GET /login/ HTTP/1.1" 200 6809
"GET /register/ HTTP/1.1" 200 10037
"GET /register/ HTTP/1.1" 200 9820
"GET /login/ HTTP/1.1" 200 6809
"POST /login/ HTTP/1.1" 302 0
"GET /dashboard/ HTTP/1.1" 200 5876
Internal Server Error: /dashboard/
Traceback (most recent call last):
  File "C:\Users\msi\AppData\Roaming\Python\Python313\site-packages\django\template\base.py", line 510, in parse
    compile_func = self.tags[command]
                   ~~~~~~~~~^^^^^^^^^
KeyError: 'static'

During handling of the above exception, another exception occurred:

Traceback (most recent call last):
  File "C:\Users\msi\AppData\Roaming\Python\Python313\site-packages\django\core\handlers\exception.py", line 55, in inner
    response = get_response(request)
  File "C:\Users\msi\AppData\Roaming\Python\Python313\site-packages\django\core\handlers\base.py", line 197, in _get_response
    response = wrapped_callback(request, *callback_args, **callback_kwargs)
  File "C:\Users\msi\Downloads\uninav\project\login\views.py", line 152, in dashboard
    return render(request, "login/student.html", context)
  File "C:\Users\msi\AppData\Roaming\Python\Python313\site-packages\django\shortcuts.py", line 25, in render
    content = loader.render_to_string(template_name, context, request, using=using)
  File "C:\Users\msi\AppData\Roaming\Python\Python313\site-packages\django\template\loader.py", line 61, in render_to_string
    template = get_template(template_name, using=using)
  File "C:\Users\msi\AppData\Roaming\Python\Python313\site-packages\django\template\loader.py", line 15, in get_template
    return engine.get_template(template_name)
           ~~~~~~~~~~~~~~~~~~~^^^^^^^^^^^^^^^
  File "C:\Users\msi\AppData\Roaming\Python\Python313\site-packages\django\template\backends\django.py", line 79, in get_template
    return Template(self.engine.get_template(template_name), self)
                    ~~~~~~~~~~~~~~~~~~~~~~~~^^^^^^^^^^^^^^^
  File "C:\Users\msi\AppData\Roaming\Python\Python313\site-packages\django\template\engine.py", line 177, in get_template
    template, origin = self.find_template(template_name)
                       ~~~~~~~~~~~~~~~~~~^^^^^^^^^^^^^^^
  File "C:\Users\msi\AppData\Roaming\Python\Python313\site-packages\django\template\engine.py", line 159, in find_template
    template = loader.get_template(name, skip=skip)
  File "C:\Users\msi\AppData\Roaming\Python\Python313\site-packages\django\template\loaders\cached.py", line 57, in get_template
    template = super().get_template(template_name, skip)
  File "C:\Users\msi\AppData\Roaming\Python\Python313\site-packages\django\template\loaders\base.py", line 28, in get_template
    return Template(
        contents,
    ...<2 lines>...
        self.engine,
    )
  File "C:\Users\msi\AppData\Roaming\Python\Python313\site-packages\django\template\base.py", line 154, in __init__
    self.nodelist = self.compile_nodelist()
                    ~~~~~~~~~~~~~~~~~~~~~^^
  File "C:\Users\msi\AppData\Roaming\Python\Python313\site-packages\django\template\base.py", line 196, in compile_nodelist
    nodelist = parser.parse()
  File "C:\Users\msi\AppData\Roaming\Python\Python313\site-packages\django\template\base.py", line 518, in parse
    raise self.error(token, e)
  File "C:\Users\msi\AppData\Roaming\Python\Python313\site-packages\django\template\base.py", line 516, in parse
    compiled_result = compile_func(self, token)
  File "C:\Users\msi\AppData\Roaming\Python\Python313\site-packages\django\template\loader_tags.py", line 299, in do_extends
    nodelist = parser.parse()
  File "C:\Users\msi\AppData\Roaming\Python\Python313\site-packages\django\template\base.py", line 518, in parse
    raise self.error(token, e)
  File "C:\Users\msi\AppData\Roaming\Python\Python313\site-packages\django\template\base.py", line 516, in parse
    compiled_result = compile_func(self, token)
  File "C:\Users\msi\AppData\Roaming\Python\Python313\site-packages\django\template\loader_tags.py", line 234, in do_block
    nodelist = parser.parse(("endblock",))
  File "C:\Users\msi\AppData\Roaming\Python\Python313\site-packages\django\template\base.py", line 512, in parse
    self.invalid_block_tag(token, command, parse_until)
    ~~~~~~~~~~~~~~~~~~~~~~^^^^^^^^^^^^^^^^^^^^^^^^^^^^^
  File "C:\Users\msi\AppData\Roaming\Python\Python313\site-packages\django\template\base.py", line 567, in invalid_block_tag
    raise self.error(
    ...<8 lines>...
    )
django.template.exceptions.TemplateSyntaxError: Invalid block tag on line 21: 'static', expected 'endblock'. Did you forget to register or load this tag?
"GET /dashboard/ HTTP/1.1" 500 213911
Internal Server Error: /dashboard/
Traceback (most recent call last):
  File "C:\Users\msi\AppData\Roaming\Python\Python313\site-packages\django\template\base.py", line 510, in parse
    compile_func = self.tags[command]
                   ~~~~~~~~~^^^^^^^^^
KeyError: 'static'

During handling of the above exception, another exception occurred:

Traceback (most recent call last):
  File "C:\Users\msi\AppData\Roaming\Python\Python313\site-packages\django\core\handlers\exception.py", line 55, in inner
    response = get_response(request)
  File "C:\Users\msi\AppData\Roaming\Python\Python313\site-packages\django\core\handlers\base.py", line 197, in _get_response
    response = wrapped_callback(request, *callback_args, **callback_kwargs)
  File "C:\Users\msi\Downloads\uninav\project\login\views.py", line 152, in dashboard
    return render(request, "login/student.html", context)
  File "C:\Users\msi\AppData\Roaming\Python\Python313\site-packages\django\shortcuts.py", line 25, in render
    content = loader.render_to_string(template_name, context, request, using=using)
  File "C:\Users\msi\AppData\Roaming\Python\Python313\site-packages\django\template\loader.py", line 61, in render_to_string
    template = get_template(template_name, using=using)
  File "C:\Users\msi\AppData\Roaming\Python\Python313\site-packages\django\template\loader.py", line 15, in get_template
    return engine.get_template(template_name)
           ~~~~~~~~~~~~~~~~~~~^^^^^^^^^^^^^^^
  File "C:\Users\msi\AppData\Roaming\Python\Python313\site-packages\django\template\backends\django.py", line 79, in get_template
    return Template(self.engine.get_template(template_name), self)
                    ~~~~~~~~~~~~~~~~~~~~~~~~^^^^^^^^^^^^^^^
  File "C:\Users\msi\AppData\Roaming\Python\Python313\site-packages\django\template\engine.py", line 177, in get_template
    template, origin = self.find_template(template_name)
                       ~~~~~~~~~~~~~~~~~~^^^^^^^^^^^^^^^
  File "C:\Users\msi\AppData\Roaming\Python\Python313\site-packages\django\template\engine.py", line 159, in find_template
    template = loader.get_template(name, skip=skip)
  File "C:\Users\msi\AppData\Roaming\Python\Python313\site-packages\django\template\loaders\cached.py", line 57, in get_template
    template = super().get_template(template_name, skip)
  File "C:\Users\msi\AppData\Roaming\Python\Python313\site-packages\django\template\loaders\base.py", line 28, in get_template
    return Template(
        contents,
    ...<2 lines>...
        self.engine,
    )
  File "C:\Users\msi\AppData\Roaming\Python\Python313\site-packages\django\template\base.py", line 154, in __init__
    self.nodelist = self.compile_nodelist()
                    ~~~~~~~~~~~~~~~~~~~~~^^
  File "C:\Users\msi\AppData\Roaming\Python\Python313\site-packages\django\template\base.py", line 196, in compile_nodelist
    nodelist = parser.parse()
  File "C:\Users\msi\AppData\Roaming\Python\Python313\site-packages\django\template\base.py", line 518, in parse
    raise self.error(token, e)
  File "C:\Users\msi\AppData\Roaming\Python\Python313\site-packages\django\template\base.py", line 516, in parse
    compiled_result = compile_func(self, token)
  File "C:\Users\msi\AppData\Roaming\Python\Python313\site-packages\django\template\loader_tags.py", line 299, in do_extends
    nodelist = parser.parse()
  File "C:\Users\msi\AppData\Roaming\Python\Python313\site-packages\django\template\base.py", line 518, in parse
    raise self.error(token, e)
  File "C:\Users\msi\AppData\Roaming\Python\Python313\site-packages\django\template\base.py", line 516, in parse
    compiled_result = compile_func(self, token)
  File "C:\Users\msi\AppData\Roaming\Python\Python313\site-packages\django\template\loader_tags.py", line 234, in do_block
    nodelist = parser.parse(("endblock",))
  File "C:\Users\msi\AppData\Roaming\Python\Python313\site-packages\django\template\base.py", line 512, in parse
    self.invalid_block_tag(token, command, parse_until)
    ~~~~~~~~~~~~~~~~~~~~~~^^^^^^^^^^^^^^^^^^^^^^^^^^^^^
  File "C:\Users\msi\AppData\Roaming\Python\Python313\site-packages\django\template\base.py", line 567, in invalid_block_tag
    raise self.error(
    ...<8 lines>...
    )
django.template.exceptions.TemplateSyntaxError: Invalid block tag on line 21: 'static', expected 'endblock'. Did you forget to register or load this tag?
"GET /dashboard/ HTTP/1.1" 500 213911
"GET /dashboard/ HTTP/1.1" 302 0
"GET /login/ HTTP/1.1" 200 6809
"GET /static/login/css/style.css HTTP/1.1" 304 0
"GET /static/login/js/script.js HTTP/1.1" 304 0
"POST /login/ HTTP/1.1" 302 0
Internal Server Error: /dashboard/
Traceback (most recent call last):
  File "C:\Users\msi\AppData\Roaming\Python\Python313\site-packages\django\template\base.py", line 510, in parse
    compile_func = self.tags[command]
                   ~~~~~~~~~^^^^^^^^^
KeyError: 'static'

During handling of the above exception, another exception occurred:

Traceback (most recent call last):
  File "C:\Users\msi\AppData\Roaming\Python\Python313\site-packages\django\core\handlers\exception.py", line 55, in inner
    response = get_response(request)
  File "C:\Users\msi\AppData\Roaming\Python\Python313\site-packages\django\core\handlers\base.py", line 197, in _get_response
    response = wrapped_callback(request, *callback_args, **callback_kwargs)
  File "C:\Users\msi\Downloads\uninav\project\login\views.py", line 152, in dashboard
    return render(request, "login/student.html", context)
  File "C:\Users\msi\AppData\Roaming\Python\Python313\site-packages\django\shortcuts.py", line 25, in render
    content = loader.render_to_string(template_name, context, request, using=using)
  File "C:\Users\msi\AppData\Roaming\Python\Python313\site-packages\django\template\loader.py", line 61, in render_to_string
    template = get_template(template_name, using=using)
  File "C:\Users\msi\AppData\Roaming\Python\Python313\site-packages\django\template\loader.py", line 15, in get_template
    return engine.get_template(template_name)
           ~~~~~~~~~~~~~~~~~~~^^^^^^^^^^^^^^^
  File "C:\Users\msi\AppData\Roaming\Python\Python313\site-packages\django\template\backends\django.py", line 79, in get_template
    return Template(self.engine.get_template(template_name), self)
                    ~~~~~~~~~~~~~~~~~~~~~~~~^^^^^^^^^^^^^^^
  File "C:\Users\msi\AppData\Roaming\Python\Python313\site-packages\django\template\engine.py", line 177, in get_template
    template, origin = self.find_template(template_name)
                       ~~~~~~~~~~~~~~~~~~^^^^^^^^^^^^^^^
  File "C:\Users\msi\AppData\Roaming\Python\Python313\site-packages\django\template\engine.py", line 159, in find_template
    template = loader.get_template(name, skip=skip)
  File "C:\Users\msi\AppData\Roaming\Python\Python313\site-packages\django\template\loaders\cached.py", line 57, in get_template
    template = super().get_template(template_name, skip)
  File "C:\Users\msi\AppData\Roaming\Python\Python313\site-packages\django\template\loaders\base.py", line 28, in get_template
    return Template(
        contents,
    ...<2 lines>...
        self.engine,
    )
  File "C:\Users\msi\AppData\Roaming\Python\Python313\site-packages\django\template\base.py", line 154, in __init__
    self.nodelist = self.compile_nodelist()
                    ~~~~~~~~~~~~~~~~~~~~~^^
  File "C:\Users\msi\AppData\Roaming\Python\Python313\site-packages\django\template\base.py", line 196, in compile_nodelist
    nodelist = parser.parse()
  File "C:\Users\msi\AppData\Roaming\Python\Python313\site-packages\django\template\base.py", line 518, in parse
    raise self.error(token, e)
  File "C:\Users\msi\AppData\Roaming\Python\Python313\site-packages\django\template\base.py", line 516, in parse
    compiled_result = compile_func(self, token)
  File "C:\Users\msi\AppData\Roaming\Python\Python313\site-packages\django\template\loader_tags.py", line 299, in do_extends
    nodelist = parser.parse()
  File "C:\Users\msi\AppData\Roaming\Python\Python313\site-packages\django\template\base.py", line 518, in parse
    raise self.error(token, e)
  File "C:\Users\msi\AppData\Roaming\Python\Python313\site-packages\django\template\base.py", line 516, in parse
    compiled_result = compile_func(self, token)
  File "C:\Users\msi\AppData\Roaming\Python\Python313\site-packages\django\template\loader_tags.py", line 234, in do_block
    nodelist = parser.parse(("endblock",))
  File "C:\Users\msi\AppData\Roaming\Python\Python313\site-packages\django\template\base.py", line 512, in parse
    self.invalid_block_tag(token, command, parse_until)
    ~~~~~~~~~~~~~~~~~~~~~~^^^^^^^^^^^^^^^^^^^^^^^^^^^^^
  File "C:\Users\msi\AppData\Roaming\Python\Python313\site-packages\django\template\base.py", line 567, in invalid_block_tag
    raise self.error(
    ...<8 lines>...
    )
django.template.exceptions.TemplateSyntaxError: Invalid block tag on line 21: 'static', expected 'endblock'. Did you forget to register or load this tag?
"GET /dashboard/ HTTP/1.1" 500 214154
Internal Server Error: /dashboard/
Traceback (most recent call last):
  File "C:\Users\msi\AppData\Roaming\Python\Python313\site-packages\django\template\base.py", line 510, in parse
    compile_func = self.tags[command]
                   ~~~~~~~~~^^^^^^^^^
KeyError: 'static'

During handling of the above exception, another exception occurred:

Traceback (most recent call last):
  File "C:\Users\msi\AppData\Roaming\Python\Python313\site-packages\django\core\handlers\exception.py", line 55, in inner
    response = get_response(request)
  File "C:\Users\msi\AppData\Roaming\Python\Python313\site-packages\django\core\handlers\base.py", line 197, in _get_response
    response = wrapped_callback(request, *callback_args, **callback_kwargs)
  File "C:\Users\msi\Downloads\uninav\project\login\views.py", line 152, in dashboard
    return render(request, "login/student.html", context)
  File "C:\Users\msi\AppData\Roaming\Python\Python313\site-packages\django\shortcuts.py", line 25, in render
    content = loader.render_to_string(template_name, context, request, using=using)
  File "C:\Users\msi\AppData\Roaming\Python\Python313\site-packages\django\template\loader.py", line 61, in render_to_string
    template = get_template(template_name, using=using)
  File "C:\Users\msi\AppData\Roaming\Python\Python313\site-packages\django\template\loader.py", line 15, in get_template
    return engine.get_template(template_name)
           ~~~~~~~~~~~~~~~~~~~^^^^^^^^^^^^^^^
  File "C:\Users\msi\AppData\Roaming\Python\Python313\site-packages\django\template\backends\django.py", line 79, in get_template
    return Template(self.engine.get_template(template_name), self)
                    ~~~~~~~~~~~~~~~~~~~~~~~~^^^^^^^^^^^^^^^
  File "C:\Users\msi\AppData\Roaming\Python\Python313\site-packages\django\template\engine.py", line 177, in get_template
    template, origin = self.find_template(template_name)
                       ~~~~~~~~~~~~~~~~~~^^^^^^^^^^^^^^^
  File "C:\Users\msi\AppData\Roaming\Python\Python313\site-packages\django\template\engine.py", line 159, in find_template
    template = loader.get_template(name, skip=skip)
  File "C:\Users\msi\AppData\Roaming\Python\Python313\site-packages\django\template\loaders\cached.py", line 57, in get_template
    template = super().get_template(template_name, skip)
  File "C:\Users\msi\AppData\Roaming\Python\Python313\site-packages\django\template\loaders\base.py", line 28, in get_template
    return Template(
        contents,
    ...<2 lines>...
        self.engine,
    )
  File "C:\Users\msi\AppData\Roaming\Python\Python313\site-packages\django\template\base.py", line 154, in __init__
    self.nodelist = self.compile_nodelist()
                    ~~~~~~~~~~~~~~~~~~~~~^^
  File "C:\Users\msi\AppData\Roaming\Python\Python313\site-packages\django\template\base.py", line 196, in compile_nodelist
    nodelist = parser.parse()
  File "C:\Users\msi\AppData\Roaming\Python\Python313\site-packages\django\template\base.py", line 518, in parse
    raise self.error(token, e)
  File "C:\Users\msi\AppData\Roaming\Python\Python313\site-packages\django\template\base.py", line 516, in parse
    compiled_result = compile_func(self, token)
  File "C:\Users\msi\AppData\Roaming\Python\Python313\site-packages\django\template\loader_tags.py", line 299, in do_extends
    nodelist = parser.parse()
  File "C:\Users\msi\AppData\Roaming\Python\Python313\site-packages\django\template\base.py", line 518, in parse
    raise self.error(token, e)
  File "C:\Users\msi\AppData\Roaming\Python\Python313\site-packages\django\template\base.py", line 516, in parse
    compiled_result = compile_func(self, token)
  File "C:\Users\msi\AppData\Roaming\Python\Python313\site-packages\django\template\loader_tags.py", line 234, in do_block
    nodelist = parser.parse(("endblock",))
  File "C:\Users\msi\AppData\Roaming\Python\Python313\site-packages\django\template\base.py", line 512, in parse
    self.invalid_block_tag(token, command, parse_until)
    ~~~~~~~~~~~~~~~~~~~~~~^^^^^^^^^^^^^^^^^^^^^^^^^^^^^
  File "C:\Users\msi\AppData\Roaming\Python\Python313\site-packages\django\template\base.py", line 567, in invalid_block_tag
    raise self.error(
    ...<8 lines>...
    )
django.template.exceptions.TemplateSyntaxError: Invalid block tag on line 21: 'static', expected 'endblock'. Did you forget to register or load this tag?
"GET /dashboard/ HTTP/1.1" 500 214221
Internal Server Error: /dashboard/
Traceback (most recent call last):
  File "C:\Users\msi\AppData\Roaming\Python\Python313\site-packages\django\template\base.py", line 510, in parse
    compile_func = self.tags[command]
                   ~~~~~~~~~^^^^^^^^^
KeyError: 'static'

During handling of the above exception, another exception occurred:

Traceback (most recent call last):
  File "C:\Users\msi\AppData\Roaming\Python\Python313\site-packages\django\core\handlers\exception.py", line 55, in inner
    response = get_response(request)
  File "C:\Users\msi\AppData\Roaming\Python\Python313\site-packages\django\core\handlers\base.py", line 197, in _get_response
    response = wrapped_callback(request, *callback_args, **callback_kwargs)
  File "C:\Users\msi\Downloads\uninav\project\login\views.py", line 152, in dashboard
    return render(request, "login/student.html", context)
  File "C:\Users\msi\AppData\Roaming\Python\Python313\site-packages\django\shortcuts.py", line 25, in render
    content = loader.render_to_string(template_name, context, request, using=using)
  File "C:\Users\msi\AppData\Roaming\Python\Python313\site-packages\django\template\loader.py", line 61, in render_to_string
    template = get_template(template_name, using=using)
  File "C:\Users\msi\AppData\Roaming\Python\Python313\site-packages\django\template\loader.py", line 15, in get_template
    return engine.get_template(template_name)
           ~~~~~~~~~~~~~~~~~~~^^^^^^^^^^^^^^^
  File "C:\Users\msi\AppData\Roaming\Python\Python313\site-packages\django\template\backends\django.py", line 79, in get_template
    return Template(self.engine.get_template(template_name), self)
                    ~~~~~~~~~~~~~~~~~~~~~~~~^^^^^^^^^^^^^^^
  File "C:\Users\msi\AppData\Roaming\Python\Python313\site-packages\django\template\engine.py", line 177, in get_template
    template, origin = self.find_template(template_name)
                       ~~~~~~~~~~~~~~~~~~^^^^^^^^^^^^^^^
  File "C:\Users\msi\AppData\Roaming\Python\Python313\site-packages\django\template\engine.py", line 159, in find_template
    template = loader.get_template(name, skip=skip)
  File "C:\Users\msi\AppData\Roaming\Python\Python313\site-packages\django\template\loaders\cached.py", line 57, in get_template
    template = super().get_template(template_name, skip)
  File "C:\Users\msi\AppData\Roaming\Python\Python313\site-packages\django\template\loaders\base.py", line 28, in get_template
    return Template(
        contents,
    ...<2 lines>...
        self.engine,
    )
  File "C:\Users\msi\AppData\Roaming\Python\Python313\site-packages\django\template\base.py", line 154, in __init__
    self.nodelist = self.compile_nodelist()
                    ~~~~~~~~~~~~~~~~~~~~~^^
  File "C:\Users\msi\AppData\Roaming\Python\Python313\site-packages\django\template\base.py", line 196, in compile_nodelist
    nodelist = parser.parse()
  File "C:\Users\msi\AppData\Roaming\Python\Python313\site-packages\django\template\base.py", line 518, in parse
    raise self.error(token, e)
  File "C:\Users\msi\AppData\Roaming\Python\Python313\site-packages\django\template\base.py", line 516, in parse
    compiled_result = compile_func(self, token)
  File "C:\Users\msi\AppData\Roaming\Python\Python313\site-packages\django\template\loader_tags.py", line 299, in do_extends
    nodelist = parser.parse()
  File "C:\Users\msi\AppData\Roaming\Python\Python313\site-packages\django\template\base.py", line 518, in parse
    raise self.error(token, e)
  File "C:\Users\msi\AppData\Roaming\Python\Python313\site-packages\django\template\base.py", line 516, in parse
    compiled_result = compile_func(self, token)
  File "C:\Users\msi\AppData\Roaming\Python\Python313\site-packages\django\template\loader_tags.py", line 234, in do_block
    nodelist = parser.parse(("endblock",))
  File "C:\Users\msi\AppData\Roaming\Python\Python313\site-packages\django\template\base.py", line 512, in parse
    self.invalid_block_tag(token, command, parse_until)
    ~~~~~~~~~~~~~~~~~~~~~~^^^^^^^^^^^^^^^^^^^^^^^^^^^^^
  File "C:\Users\msi\AppData\Roaming\Python\Python313\site-packages\django\template\base.py", line 567, in invalid_block_tag
    raise self.error(
    ...<8 lines>...
    )
django.template.exceptions.TemplateSyntaxError: Invalid block tag on line 21: 'static', expected 'endblock'. Did you forget to register or load this tag?
"GET /dashboard/ HTTP/1.1" 500 214221
Internal Server Error: /dashboard/
Traceback (most recent call last):
  File "C:\Users\msi\AppData\Roaming\Python\Python313\site-packages\django\template\base.py", line 510, in parse
    compile_func = self.tags[command]
                   ~~~~~~~~~^^^^^^^^^
KeyError: 'static'

During handling of the above exception, another exception occurred:

Traceback (most recent call last):
  File "C:\Users\msi\AppData\Roaming\Python\Python313\site-packages\django\core\handlers\exception.py", line 55, in inner
    response = get_response(request)
  File "C:\Users\msi\AppData\Roaming\Python\Python313\site-packages\django\core\handlers\base.py", line 197, in _get_response
    response = wrapped_callback(request, *callback_args, **callback_kwargs)
  File "C:\Users\msi\Downloads\uninav\project\login\views.py", line 152, in dashboard
    return render(request, "login/student.html", context)
  File "C:\Users\msi\AppData\Roaming\Python\Python313\site-packages\django\shortcuts.py", line 25, in render
    content = loader.render_to_string(template_name, context, request, using=using)
  File "C:\Users\msi\AppData\Roaming\Python\Python313\site-packages\django\template\loader.py", line 61, in render_to_string
    template = get_template(template_name, using=using)
  File "C:\Users\msi\AppData\Roaming\Python\Python313\site-packages\django\template\loader.py", line 15, in get_template
    return engine.get_template(template_name)
           ~~~~~~~~~~~~~~~~~~~^^^^^^^^^^^^^^^
  File "C:\Users\msi\AppData\Roaming\Python\Python313\site-packages\django\template\backends\django.py", line 79, in get_template
    return Template(self.engine.get_template(template_name), self)
                    ~~~~~~~~~~~~~~~~~~~~~~~~^^^^^^^^^^^^^^^
  File "C:\Users\msi\AppData\Roaming\Python\Python313\site-packages\django\template\engine.py", line 177, in get_template
    template, origin = self.find_template(template_name)
                       ~~~~~~~~~~~~~~~~~~^^^^^^^^^^^^^^^
  File "C:\Users\msi\AppData\Roaming\Python\Python313\site-packages\django\template\engine.py", line 159, in find_template
    template = loader.get_template(name, skip=skip)
  File "C:\Users\msi\AppData\Roaming\Python\Python313\site-packages\django\template\loaders\cached.py", line 57, in get_template
    template = super().get_template(template_name, skip)
  File "C:\Users\msi\AppData\Roaming\Python\Python313\site-packages\django\template\loaders\base.py", line 28, in get_template
    return Template(
        contents,
    ...<2 lines>...
        self.engine,
    )
  File "C:\Users\msi\AppData\Roaming\Python\Python313\site-packages\django\template\base.py", line 154, in __init__
    self.nodelist = self.compile_nodelist()
                    ~~~~~~~~~~~~~~~~~~~~~^^
  File "C:\Users\msi\AppData\Roaming\Python\Python313\site-packages\django\template\base.py", line 196, in compile_nodelist
    nodelist = parser.parse()
  File "C:\Users\msi\AppData\Roaming\Python\Python313\site-packages\django\template\base.py", line 518, in parse
    raise self.error(token, e)
  File "C:\Users\msi\AppData\Roaming\Python\Python313\site-packages\django\template\base.py", line 516, in parse
    compiled_result = compile_func(self, token)
  File "C:\Users\msi\AppData\Roaming\Python\Python313\site-packages\django\template\loader_tags.py", line 299, in do_extends
    nodelist = parser.parse()
  File "C:\Users\msi\AppData\Roaming\Python\Python313\site-packages\django\template\base.py", line 518, in parse
    raise self.error(token, e)
  File "C:\Users\msi\AppData\Roaming\Python\Python313\site-packages\django\template\base.py", line 516, in parse
    compiled_result = compile_func(self, token)
  File "C:\Users\msi\AppData\Roaming\Python\Python313\site-packages\django\template\loader_tags.py", line 234, in do_block
    nodelist = parser.parse(("endblock",))
  File "C:\Users\msi\AppData\Roaming\Python\Python313\site-packages\django\template\base.py", line 512, in parse
    self.invalid_block_tag(token, command, parse_until)
    ~~~~~~~~~~~~~~~~~~~~~~^^^^^^^^^^^^^^^^^^^^^^^^^^^^^
  File "C:\Users\msi\AppData\Roaming\Python\Python313\site-packages\django\template\base.py", line 567, in invalid_block_tag
    raise self.error(
    ...<8 lines>...
    )
django.template.exceptions.TemplateSyntaxError: Invalid block tag on line 21: 'static', expected 'endblock'. Did you forget to register or load this tag?
"GET /dashboard/ HTTP/1.1" 500 214221
Internal Server Error: /dashboard/
Traceback (most recent call last):
  File "C:\Users\msi\AppData\Roaming\Python\Python313\site-packages\django\template\base.py", line 890, in _resolve_lookup
    raise TypeError
TypeError

During handling of the above exception, another exception occurred:

Traceback (most recent call last):
  File "C:\Users\msi\AppData\Roaming\Python\Python313\site-packages\django\template\base.py", line 901, in _resolve_lookup
    current = getattr(current, bit)
AttributeError: 'Student' object has no attribute 'username'

During handling of the above exception, another exception occurred:

Traceback (most recent call last):
  File "C:\Users\msi\AppData\Roaming\Python\Python313\site-packages\django\template\base.py", line 907, in _resolve_lookup
    current = current[int(bit)]
                      ~~~^^^^^
ValueError: invalid literal for int() with base 10: 'username'

During handling of the above exception, another exception occurred:

Traceback (most recent call last):
  File "C:\Users\msi\AppData\Roaming\Python\Python313\site-packages\django\core\handlers\exception.py", line 55, in inner
    response = get_response(request)
  File "C:\Users\msi\AppData\Roaming\Python\Python313\site-packages\django\core\handlers\base.py", line 197, in _get_response
    response = wrapped_callback(request, *callback_args, **callback_kwargs)
  File "C:\Users\msi\Downloads\uninav\project\login\views.py", line 152, in dashboard
    return render(request, "login/student.html", context)
  File "C:\Users\msi\AppData\Roaming\Python\Python313\site-packages\django\shortcuts.py", line 25, in render
    content = loader.render_to_string(template_name, context, request, using=using)
  File "C:\Users\msi\AppData\Roaming\Python\Python313\site-packages\django\template\loader.py", line 62, in render_to_string
    return template.render(context, request)
           ~~~~~~~~~~~~~~~^^^^^^^^^^^^^^^^^^
  File "C:\Users\msi\AppData\Roaming\Python\Python313\site-packages\django\template\backends\django.py", line 107, in render
    return self.template.render(context)
           ~~~~~~~~~~~~~~~~~~~~^^^^^^^^^
  File "C:\Users\msi\AppData\Roaming\Python\Python313\site-packages\django\template\base.py", line 171, in render
    return self._render(context)
           ~~~~~~~~~~~~^^^^^^^^^
  File "C:\Users\msi\AppData\Roaming\Python\Python313\site-packages\django\template\base.py", line 163, in _render
    return self.nodelist.render(context)
           ~~~~~~~~~~~~~~~~~~~~^^^^^^^^^
  File "C:\Users\msi\AppData\Roaming\Python\Python313\site-packages\django\template\base.py", line 1016, in render
    return SafeString("".join([node.render_annotated(context) for node in self]))
                               ~~~~~~~~~~~~~~~~~~~~~^^^^^^^^^
  File "C:\Users\msi\AppData\Roaming\Python\Python313\site-packages\django\template\base.py", line 977, in render_annotated
    return self.render(context)
           ~~~~~~~~~~~^^^^^^^^^
  File "C:\Users\msi\AppData\Roaming\Python\Python313\site-packages\django\template\loader_tags.py", line 159, in render
    return compiled_parent._render(context)
           ~~~~~~~~~~~~~~~~~~~~~~~^^^^^^^^^
  File "C:\Users\msi\AppData\Roaming\Python\Python313\site-packages\django\template\base.py", line 163, in _render
    return self.nodelist.render(context)
           ~~~~~~~~~~~~~~~~~~~~^^^^^^^^^
  File "C:\Users\msi\AppData\Roaming\Python\Python313\site-packages\django\template\base.py", line 1016, in render
    return SafeString("".join([node.render_annotated(context) for node in self]))
                               ~~~~~~~~~~~~~~~~~~~~~^^^^^^^^^
  File "C:\Users\msi\AppData\Roaming\Python\Python313\site-packages\django\template\base.py", line 977, in render_annotated
    return self.render(context)
           ~~~~~~~~~~~^^^^^^^^^
  File "C:\Users\msi\AppData\Roaming\Python\Python313\site-packages\django\template\loader_tags.py", line 65, in render
    result = block.nodelist.render(context)
  File "C:\Users\msi\AppData\Roaming\Python\Python313\site-packages\django\template\base.py", line 1016, in render
    return SafeString("".join([node.render_annotated(context) for node in self]))
                               ~~~~~~~~~~~~~~~~~~~~~^^^^^^^^^
  File "C:\Users\msi\AppData\Roaming\Python\Python313\site-packages\django\template\base.py", line 977, in render_annotated
    return self.render(context)
           ~~~~~~~~~~~^^^^^^^^^
  File "C:\Users\msi\AppData\Roaming\Python\Python313\site-packages\django\template\base.py", line 1075, in render
    output = self.filter_expression.resolve(context)
  File "C:\Users\msi\AppData\Roaming\Python\Python313\site-packages\django\template\base.py", line 743, in resolve
    arg_vals.append(arg.resolve(context))
                    ~~~~~~~~~~~^^^^^^^^^
  File "C:\Users\msi\AppData\Roaming\Python\Python313\site-packages\django\template\base.py", line 854, in resolve
    value = self._resolve_lookup(context)
  File "C:\Users\msi\AppData\Roaming\Python\Python313\site-packages\django\template\base.py", line 914, in _resolve_lookup
    raise VariableDoesNotExist(
    ^^^^^^^^^^^^^^^^^^^^^^^^^^^
    ...<2 lines>...
    )  # missing attribute
    ^
django.template.base.VariableDoesNotExist: Failed lookup for key [username] in <Student: mahin12>
"GET /dashboard/ HTTP/1.1" 500 180694
"GET /dashboard/ HTTP/1.1" 200 7150
"GET /static/login/image/hero-illustration.png HTTP/1.1" 404 2026
"GET /campus-map/ HTTP/1.1" 200 3404
"GET /static/login/js/campusmap.js HTTP/1.1" 200 1329
"GET /static/login/image/1st-floor.png HTTP/1.1" 200 6440450
"GET /campus-map/ HTTP/1.1" 200 3404
"GET /static/login/image/2nd-floor.png HTTP/1.1" 200 7188525
"GET /campus-map/ HTTP/1.1" 200 3404
"GET /dashboard/ HTTP/1.1" 200 15079
"GET /static/login/css/style.css HTTP/1.1" 304 0
"GET /static/images/demo-hero.jpg HTTP/1.1" 404 1987
"GET /static/images/demo-carousel-1.jpg HTTP/1.1" 404 2005
"GET /static/images/demo-carousel-2.jpg HTTP/1.1" 404 2005
"GET /static/isotope.min.js HTTP/1.1" 404 1969
"GET /static/images/demo-map.jpg HTTP/1.1" 404 1984
"GET /static/images/demo-carousel-3.jpg HTTP/1.1" 404 2005
"GET /static/owl-carousel.js HTTP/1.1" 404 1972
"GET /static/counter.js HTTP/1.1" 404 1957
"GET /static/login/js/script.js HTTP/1.1" 304 0
"GET /static/custom.js HTTP/1.1" 404 1954
"GET /static/images/demo-shop.jpg HTTP/1.1" 404 1987
"GET /static/images/demo-cart.jpg HTTP/1.1" 404 1987
"GET /static/images/demo-chat.jpg HTTP/1.1" 404 1987
"GET /static/images/demo-grid-map.jpg HTTP/1.1" 404 1999
"GET /static/images/demo-avatar.jpg HTTP/1.1" 404 1993
"GET /static/images/demo-grid-chat.jpg HTTP/1.1" 404 2002
"GET /static/images/demo-grid-shop.jpg HTTP/1.1" 404 2002
"GET /static/images/demo-grid-reactions.jpg HTTP/1.1" 404 2017
"GET /dashboard/ HTTP/1.1" 200 15081
"GET /static/images/uninav_logo.png HTTP/1.1" 404 1993
"GET /static/images/demo-carousel-2.jpg HTTP/1.1" 404 2005
"GET /static/images/demo-carousel-3.jpg HTTP/1.1" 404 2005
"GET /static/images/demo-map.jpg HTTP/1.1" 404 1984
"GET /static/isotope.min.js HTTP/1.1" 404 1969
"GET /static/images/demo-carousel-1.jpg HTTP/1.1" 404 2005
"GET /static/counter.js HTTP/1.1" 404 1957
"GET /static/owl-carousel.js HTTP/1.1" 404 1972
"GET /static/custom.js HTTP/1.1" 404 1954
"GET /static/images/demo-shop.jpg HTTP/1.1" 404 1987
"GET /static/images/demo-cart.jpg HTTP/1.1" 404 1987
"GET /static/images/demo-avatar.jpg HTTP/1.1" 404 1993
"GET /static/images/demo-chat.jpg HTTP/1.1" 404 1987
"GET /static/images/demo-grid-map.jpg HTTP/1.1" 404 1999
"GET /static/images/demo-grid-chat.jpg HTTP/1.1" 404 2002
"GET /static/images/demo-grid-shop.jpg HTTP/1.1" 404 2002
"GET /static/images/demo-grid-reactions.jpg HTTP/1.1" 404 2017
"GET /dashboard/ HTTP/1.1" 200 15081
"GET /static/images/demo-carousel-1.jpg HTTP/1.1" 404 2005
"GET /static/images/uninav_logo.png HTTP/1.1" 404 1993
"GET /static/images/demo-carousel-2.jpg HTTP/1.1" 404 2005
"GET /static/images/demo-carousel-3.jpg HTTP/1.1" 404 2005
"GET /static/images/demo-map.jpg HTTP/1.1" 404 1984
"GET /static/isotope.min.js HTTP/1.1" 404 1969
"GET /static/owl-carousel.js HTTP/1.1" 404 1972
"GET /static/counter.js HTTP/1.1" 404 1957
"GET /static/custom.js HTTP/1.1" 404 1954
"GET /static/images/demo-shop.jpg HTTP/1.1" 404 1987
"GET /static/images/demo-cart.jpg HTTP/1.1" 404 1987
"GET /static/images/demo-chat.jpg HTTP/1.1" 404 1987
"GET /static/images/demo-avatar.jpg HTTP/1.1" 404 1993
"GET /static/images/demo-grid-map.jpg HTTP/1.1" 404 1999
"GET /static/images/demo-grid-chat.jpg HTTP/1.1" 404 2002
"GET /static/images/demo-grid-shop.jpg HTTP/1.1" 404 2002
"GET /static/images/demo-grid-reactions.jpg HTTP/1.1" 404 2017
"GET /dashboard/ HTTP/1.1" 200 15081
"GET /static/images/uninav_logo.png HTTP/1.1" 404 1993
"GET /static/images/demo-carousel-1.jpg HTTP/1.1" 404 2005
"GET /static/images/demo-carousel-2.jpg HTTP/1.1" 404 2005
"GET /static/isotope.min.js HTTP/1.1" 404 1969
"GET /static/images/demo-carousel-3.jpg HTTP/1.1" 404 2005
"GET /static/images/demo-map.jpg HTTP/1.1" 404 1984
"GET /static/owl-carousel.js HTTP/1.1" 404 1972
"GET /static/custom.js HTTP/1.1" 404 1954
"GET /static/counter.js HTTP/1.1" 404 1957
"GET /static/images/demo-shop.jpg HTTP/1.1" 404 1987
"GET /static/images/demo-cart.jpg HTTP/1.1" 404 1987
"GET /static/images/demo-chat.jpg HTTP/1.1" 404 1987
"GET /static/images/demo-avatar.jpg HTTP/1.1" 404 1993
"GET /static/images/demo-grid-map.jpg HTTP/1.1" 404 1999
"GET /static/images/demo-grid-shop.jpg HTTP/1.1" 404 2002
"GET /static/images/demo-grid-chat.jpg HTTP/1.1" 404 2002
"GET /static/images/demo-grid-reactions.jpg HTTP/1.1" 404 2017
"GET /dashboard/ HTTP/1.1" 200 15081
"GET /static/images/demo-carousel-1.jpg HTTP/1.1" 404 2005
"GET /static/images/uninav_logo.png HTTP/1.1" 404 1993
"GET /static/images/demo-carousel-2.jpg HTTP/1.1" 404 2005
"GET /static/images/demo-carousel-3.jpg HTTP/1.1" 404 2005
"GET /static/isotope.min.js HTTP/1.1" 404 1969
"GET /static/images/demo-map.jpg HTTP/1.1" 404 1984
"GET /static/owl-carousel.js HTTP/1.1" 404 1972
"GET /static/counter.js HTTP/1.1" 404 1957
"GET /static/custom.js HTTP/1.1" 404 1954
"GET /static/images/demo-shop.jpg HTTP/1.1" 404 1987
"GET /static/images/demo-cart.jpg HTTP/1.1" 404 1987
"GET /static/images/demo-chat.jpg HTTP/1.1" 404 1987
"GET /static/images/demo-avatar.jpg HTTP/1.1" 404 1993
"GET /static/images/demo-grid-map.jpg HTTP/1.1" 404 1999
"GET /static/images/demo-grid-shop.jpg HTTP/1.1" 404 2002
"GET /static/images/demo-grid-chat.jpg HTTP/1.1" 404 2002
"GET /static/images/demo-grid-reactions.jpg HTTP/1.1" 404 2017
"GET /dashboard/ HTTP/1.1" 200 15081
"GET /static/images/uninav_logo.png HTTP/1.1" 404 1993
"GET /static/images/demo-carousel-1.jpg HTTP/1.1" 404 2005
"GET /static/images/demo-carousel-2.jpg HTTP/1.1" 404 2005
"GET /static/images/demo-carousel-3.jpg HTTP/1.1" 404 2005
"GET /static/images/demo-map.jpg HTTP/1.1" 404 1984
"GET /static/isotope.min.js HTTP/1.1" 404 1969
"GET /static/owl-carousel.js HTTP/1.1" 404 1972
"GET /static/counter.js HTTP/1.1" 404 1957
"GET /static/custom.js HTTP/1.1" 404 1954
"GET /static/images/demo-shop.jpg HTTP/1.1" 404 1987
"GET /static/images/demo-cart.jpg HTTP/1.1" 404 1987
"GET /static/images/demo-avatar.jpg HTTP/1.1" 404 1993
"GET /static/images/demo-chat.jpg HTTP/1.1" 404 1987
"GET /static/images/demo-grid-map.jpg HTTP/1.1" 404 1999
"GET /static/images/demo-grid-chat.jpg HTTP/1.1" 404 2002
"GET /static/images/demo-grid-shop.jpg HTTP/1.1" 404 2002
"GET /static/images/demo-grid-reactions.jpg HTTP/1.1" 404 2017
"GET /dashboard/ HTTP/1.1" 200 15081
"GET /static/images/uninav_logo.png HTTP/1.1" 404 1993
"GET /static/images/demo-carousel-1.jpg HTTP/1.1" 404 2005
"GET /static/images/demo-carousel-3.jpg HTTP/1.1" 404 2005
"GET /static/images/demo-map.jpg HTTP/1.1" 404 1984
"GET /static/images/demo-carousel-2.jpg HTTP/1.1" 404 2005
"GET /static/isotope.min.js HTTP/1.1" 404 1969
"GET /static/owl-carousel.js HTTP/1.1" 404 1972
"GET /static/counter.js HTTP/1.1" 404 1957
"GET /static/custom.js HTTP/1.1" 404 1954
"GET /static/images/demo-shop.jpg HTTP/1.1" 404 1987
"GET /static/images/demo-cart.jpg HTTP/1.1" 404 1987
"GET /static/images/demo-chat.jpg HTTP/1.1" 404 1987
"GET /static/images/demo-avatar.jpg HTTP/1.1" 404 1993
"GET /static/images/demo-grid-map.jpg HTTP/1.1" 404 1999
"GET /static/images/demo-grid-chat.jpg HTTP/1.1" 404 2002
"GET /static/images/demo-grid-reactions.jpg HTTP/1.1" 404 2017
"GET /static/images/demo-grid-shop.jpg HTTP/1.1" 404 2002
"GET /dashboard/ HTTP/1.1" 200 15081
"GET /static/images/uninav_logo.png HTTP/1.1" 404 1993
"GET /static/images/demo-carousel-1.jpg HTTP/1.1" 404 2005
"GET /static/images/demo-carousel-2.jpg HTTP/1.1" 404 2005
"GET /static/images/demo-carousel-3.jpg HTTP/1.1" 404 2005
"GET /static/images/demo-map.jpg HTTP/1.1" 404 1984
"GET /static/isotope.min.js HTTP/1.1" 404 1969
"GET /static/owl-carousel.js HTTP/1.1" 404 1972
"GET /static/counter.js HTTP/1.1" 404 1957
"GET /static/custom.js HTTP/1.1" 404 1954
"GET /static/images/demo-shop.jpg HTTP/1.1" 404 1987
"GET /static/images/demo-cart.jpg HTTP/1.1" 404 1987
"GET /static/images/demo-chat.jpg HTTP/1.1" 404 1987
"GET /static/images/demo-avatar.jpg HTTP/1.1" 404 1993
"GET /static/images/demo-grid-map.jpg HTTP/1.1" 404 1999
"GET /static/images/demo-grid-chat.jpg HTTP/1.1" 404 2002
"GET /static/images/demo-grid-shop.jpg HTTP/1.1" 404 2002
"GET /static/images/demo-grid-reactions.jpg HTTP/1.1" 404 2017
"GET /dashboard/ HTTP/1.1" 200 15081
"GET /static/images/uninav_logo.png HTTP/1.1" 404 1993
"GET /static/images/demo-carousel-1.jpg HTTP/1.1" 404 2005
"GET /static/images/demo-carousel-2.jpg HTTP/1.1" 404 2005
"GET /static/images/demo-carousel-3.jpg HTTP/1.1" 404 2005
"GET /static/images/demo-map.jpg HTTP/1.1" 404 1984
"GET /static/isotope.min.js HTTP/1.1" 404 1969
"GET /static/owl-carousel.js HTTP/1.1" 404 1972
"GET /static/counter.js HTTP/1.1" 404 1957
"GET /static/images/demo-shop.jpg HTTP/1.1" 404 1987
"GET /static/custom.js HTTP/1.1" 404 1954
"GET /static/images/demo-cart.jpg HTTP/1.1" 404 1987
"GET /static/images/demo-chat.jpg HTTP/1.1" 404 1987
"GET /static/images/demo-avatar.jpg HTTP/1.1" 404 1993
"GET /static/images/demo-grid-map.jpg HTTP/1.1" 404 1999
"GET /static/images/demo-grid-chat.jpg HTTP/1.1" 404 2002
"GET /static/images/demo-grid-shop.jpg HTTP/1.1" 404 2002
"GET /static/images/demo-grid-reactions.jpg HTTP/1.1" 404 2017
"GET /dashboard/ HTTP/1.1" 200 15081
"GET /static/images/uninav_logo.png HTTP/1.1" 404 1993
"GET /static/images/demo-carousel-1.jpg HTTP/1.1" 404 2005
"GET /static/images/demo-map.jpg HTTP/1.1" 404 1984
"GET /static/isotope.min.js HTTP/1.1" 404 1969
"GET /static/images/demo-carousel-2.jpg HTTP/1.1" 404 2005
"GET /static/images/demo-carousel-3.jpg HTTP/1.1" 404 2005
"GET /static/owl-carousel.js HTTP/1.1" 404 1972
"GET /static/counter.js HTTP/1.1" 404 1957
"GET /static/custom.js HTTP/1.1" 404 1954
"GET /static/images/demo-shop.jpg HTTP/1.1" 404 1987
"GET /static/images/demo-cart.jpg HTTP/1.1" 404 1987
"GET /static/images/demo-chat.jpg HTTP/1.1" 404 1987
"GET /static/images/demo-avatar.jpg HTTP/1.1" 404 1993
"GET /static/images/demo-grid-chat.jpg HTTP/1.1" 404 2002
"GET /static/images/demo-grid-map.jpg HTTP/1.1" 404 1999
"GET /static/images/demo-grid-shop.jpg HTTP/1.1" 404 2002
"GET /static/images/demo-grid-reactions.jpg HTTP/1.1" 404 2017
"GET /dashboard/ HTTP/1.1" 200 15081
"GET /static/images/demo-carousel-1.jpg HTTP/1.1" 404 2005
"GET /static/images/uninav_logo.png HTTP/1.1" 404 1993
"GET /static/images/demo-carousel-2.jpg HTTP/1.1" 404 2005
"GET /static/images/demo-carousel-3.jpg HTTP/1.1" 404 2005
"GET /static/isotope.min.js HTTP/1.1" 404 1969
"GET /static/owl-carousel.js HTTP/1.1" 404 1972
"GET /static/images/demo-map.jpg HTTP/1.1" 404 1984
"GET /static/counter.js HTTP/1.1" 404 1957
"GET /static/custom.js HTTP/1.1" 404 1954
"GET /static/images/demo-shop.jpg HTTP/1.1" 404 1987
"GET /static/images/demo-cart.jpg HTTP/1.1" 404 1987
"GET /static/images/demo-chat.jpg HTTP/1.1" 404 1987
"GET /static/images/demo-avatar.jpg HTTP/1.1" 404 1993
"GET /static/images/demo-grid-map.jpg HTTP/1.1" 404 1999
"GET /static/images/demo-grid-chat.jpg HTTP/1.1" 404 2002
"GET /static/images/demo-grid-shop.jpg HTTP/1.1" 404 2002
"GET /static/images/demo-grid-reactions.jpg HTTP/1.1" 404 2017
"GET /dashboard/ HTTP/1.1" 200 15081
"GET /static/images/uninav_logo.png HTTP/1.1" 404 1993
"GET /static/images/demo-carousel-1.jpg HTTP/1.1" 404 2005
"GET /static/images/demo-carousel-2.jpg HTTP/1.1" 404 2005
"GET /static/images/demo-carousel-3.jpg HTTP/1.1" 404 2005
"GET /static/images/demo-map.jpg HTTP/1.1" 404 1984
"GET /static/isotope.min.js HTTP/1.1" 404 1969
"GET /static/counter.js HTTP/1.1" 404 1957
"GET /static/owl-carousel.js HTTP/1.1" 404 1972
"GET /static/custom.js HTTP/1.1" 404 1954
"GET /static/images/demo-cart.jpg HTTP/1.1" 404 1987
"GET /static/images/demo-shop.jpg HTTP/1.1" 404 1987
"GET /static/images/demo-chat.jpg HTTP/1.1" 404 1987
"GET /static/images/demo-avatar.jpg HTTP/1.1" 404 1993
"GET /static/images/demo-grid-map.jpg HTTP/1.1" 404 1999
"GET /static/images/demo-grid-chat.jpg HTTP/1.1" 404 2002
"GET /static/images/demo-grid-shop.jpg HTTP/1.1" 404 2002
"GET /static/images/demo-grid-reactions.jpg HTTP/1.1" 404 2017
"GET /dashboard/ HTTP/1.1" 200 15081
"GET /static/images/uninav_logo.png HTTP/1.1" 404 1993
"GET /static/images/demo-carousel-1.jpg HTTP/1.1" 404 2005
"GET /static/images/demo-carousel-2.jpg HTTP/1.1" 404 2005
"GET /static/images/demo-carousel-3.jpg HTTP/1.1" 404 2005
"GET /static/images/demo-map.jpg HTTP/1.1" 404 1984
"GET /static/isotope.min.js HTTP/1.1" 404 1969
"GET /static/owl-carousel.js HTTP/1.1" 404 1972
"GET /static/counter.js HTTP/1.1" 404 1957
"GET /static/custom.js HTTP/1.1" 404 1954
"GET /static/images/demo-shop.jpg HTTP/1.1" 404 1987
"GET /static/images/demo-cart.jpg HTTP/1.1" 404 1987
"GET /static/images/demo-chat.jpg HTTP/1.1" 404 1987
"GET /static/images/demo-avatar.jpg HTTP/1.1" 404 1993
"GET /static/images/demo-grid-map.jpg HTTP/1.1" 404 1999
"GET /static/images/demo-grid-chat.jpg HTTP/1.1" 404 2002
"GET /static/images/demo-grid-shop.jpg HTTP/1.1" 404 2002
"GET /static/images/demo-grid-reactions.jpg HTTP/1.1" 404 2017
"GET /dashboard/ HTTP/1.1" 200 15081
"GET /static/images/uninav_logo.png HTTP/1.1" 404 1993
"GET /static/images/demo-carousel-1.jpg HTTP/1.1" 404 2005
"GET /static/images/demo-carousel-2.jpg HTTP/1.1" 404 2005
"GET /static/images/demo-carousel-3.jpg HTTP/1.1" 404 2005
"GET /static/images/demo-map.jpg HTTP/1.1" 404 1984
"GET /static/isotope.min.js HTTP/1.1" 404 1969
"GET /static/owl-carousel.js HTTP/1.1" 404 1972
"GET /static/counter.js HTTP/1.1" 404 1957
"GET /static/custom.js HTTP/1.1" 404 1954
"GET /static/images/demo-shop.jpg HTTP/1.1" 404 1987
"GET /static/images/demo-cart.jpg HTTP/1.1" 404 1987
"GET /static/images/demo-chat.jpg HTTP/1.1" 404 1987
"GET /static/images/demo-avatar.jpg HTTP/1.1" 404 1993
"GET /static/images/demo-grid-map.jpg HTTP/1.1" 404 1999
"GET /static/images/demo-grid-chat.jpg HTTP/1.1" 404 2002
"GET /static/images/demo-grid-shop.jpg HTTP/1.1" 404 2002
"GET /static/images/demo-grid-reactions.jpg HTTP/1.1" 404 2017
"GET /dashboard/ HTTP/1.1" 200 15081
"GET /static/images/demo-carousel-1.jpg HTTP/1.1" 404 2005
"GET /static/images/uninav_logo.png HTTP/1.1" 404 1993
"GET /static/images/demo-carousel-2.jpg HTTP/1.1" 404 2005
"GET /static/images/demo-carousel-3.jpg HTTP/1.1" 404 2005
"GET /static/images/demo-map.jpg HTTP/1.1" 404 1984
"GET /static/isotope.min.js HTTP/1.1" 404 1969
"GET /static/owl-carousel.js HTTP/1.1" 404 1972
"GET /static/counter.js HTTP/1.1" 404 1957
"GET /static/custom.js HTTP/1.1" 404 1954
"GET /static/images/demo-shop.jpg HTTP/1.1" 404 1987
"GET /static/images/demo-cart.jpg HTTP/1.1" 404 1987
"GET /static/images/demo-chat.jpg HTTP/1.1" 404 1987
"GET /static/images/demo-avatar.jpg HTTP/1.1" 404 1993
"GET /static/images/demo-grid-map.jpg HTTP/1.1" 404 1999
"GET /static/images/demo-grid-chat.jpg HTTP/1.1" 404 2002
"GET /static/images/demo-grid-shop.jpg HTTP/1.1" 404 2002
"GET /static/images/demo-grid-reactions.jpg HTTP/1.1" 404 2017
Watching for file changes with StatReloader
"GET /dashboard/ HTTP/1.1" 200 15081
"GET /static/images/demo-carousel-1.jpg HTTP/1.1" 404 2005
"GET /static/images/uninav_logo.png HTTP/1.1" 404 1993
"GET /static/images/demo-carousel-2.jpg HTTP/1.1" 404 2005
"GET /static/images/demo-carousel-3.jpg HTTP/1.1" 404 2005
"GET /static/images/demo-map.jpg HTTP/1.1" 404 1984
"GET /static/isotope.min.js HTTP/1.1" 404 1969
"GET /static/owl-carousel.js HTTP/1.1" 404 1972
"GET /static/counter.js HTTP/1.1" 404 1957
"GET /static/custom.js HTTP/1.1" 404 1954
"GET /static/images/demo-shop.jpg HTTP/1.1" 404 1987
"GET /static/images/demo-cart.jpg HTTP/1.1" 404 1987
"GET /static/images/demo-chat.jpg HTTP/1.1" 404 1987
"GET /static/images/demo-avatar.jpg HTTP/1.1" 404 1993
"GET /static/images/demo-grid-chat.jpg HTTP/1.1" 404 2002
"GET /static/images/demo-grid-map.jpg HTTP/1.1" 404 1999
"GET /static/images/demo-grid-shop.jpg HTTP/1.1" 404 2002
"GET /static/images/demo-grid-reactions.jpg HTTP/1.1" 404 2017
"GET /dashboard/ HTTP/1.1" 200 15081
"GET /static/login/css/style.css HTTP/1.1" 304 0
"GET /static/images/uninav_logo.png HTTP/1.1" 404 1993
"GET /static/images/demo-carousel-1.jpg HTTP/1.1" 404 2005
"GET /static/images/demo-carousel-2.jpg HTTP/1.1" 404 2005
"GET /static/images/demo-carousel-3.jpg HTTP/1.1" 404 2005
"GET /static/images/demo-map.jpg HTTP/1.1" 404 1984
"GET /static/isotope.min.js HTTP/1.1" 404 1969
"GET /static/owl-carousel.js HTTP/1.1" 404 1972
"GET /static/counter.js HTTP/1.1" 404 1957
"GET /static/custom.js HTTP/1.1" 404 1954
"GET /static/login/js/script.js HTTP/1.1" 304 0
"GET /static/images/demo-shop.jpg HTTP/1.1" 404 1987
"GET /static/images/demo-cart.jpg HTTP/1.1" 404 1987
"GET /static/images/demo-chat.jpg HTTP/1.1" 404 1987
"GET /static/images/demo-grid-chat.jpg HTTP/1.1" 404 2002
"GET /static/images/demo-avatar.jpg HTTP/1.1" 404 1993
"GET /static/images/demo-grid-map.jpg HTTP/1.1" 404 1999
"GET /static/images/demo-grid-shop.jpg HTTP/1.1" 404 2002
"GET /static/images/demo-grid-reactions.jpg HTTP/1.1" 404 2017
"GET /dashboard/ HTTP/1.1" 200 15075
"GET /static/images/uninav_logo.png HTTP/1.1" 404 1993
"GET /static/images/1st-floor.png HTTP/1.1" 404 1987
"GET /static/images/demo-carousel-2.jpg HTTP/1.1" 404 2005
"GET /static/images/demo-carousel-3.jpg HTTP/1.1" 404 2005
"GET /static/images/demo-map.jpg HTTP/1.1" 404 1984
"GET /static/isotope.min.js HTTP/1.1" 404 1969
"GET /static/counter.js HTTP/1.1" 404 1957
"GET /static/owl-carousel.js HTTP/1.1" 404 1972
"GET /static/custom.js HTTP/1.1" 404 1954
"GET /static/images/demo-shop.jpg HTTP/1.1" 404 1987
"GET /static/images/demo-chat.jpg HTTP/1.1" 404 1987
"GET /static/images/demo-cart.jpg HTTP/1.1" 404 1987
"GET /static/images/demo-avatar.jpg HTTP/1.1" 404 1993
"GET /static/images/demo-grid-map.jpg HTTP/1.1" 404 1999
"GET /static/images/demo-grid-chat.jpg HTTP/1.1" 404 2002
"GET /static/images/demo-grid-shop.jpg HTTP/1.1" 404 2002
"GET /static/images/demo-grid-reactions.jpg HTTP/1.1" 404 2017
"GET /dashboard/ HTTP/1.1" 200 15075
"GET /static/images/1st-floor.png HTTP/1.1" 404 1987
"GET /static/images/uninav_logo.png HTTP/1.1" 404 1993
"GET /static/images/demo-carousel-2.jpg HTTP/1.1" 404 2005
"GET /static/images/demo-carousel-3.jpg HTTP/1.1" 404 2005
"GET /static/isotope.min.js HTTP/1.1" 404 1969
"GET /static/images/demo-map.jpg HTTP/1.1" 404 1984
"GET /static/owl-carousel.js HTTP/1.1" 404 1972
"GET /static/counter.js HTTP/1.1" 404 1957
"GET /static/custom.js HTTP/1.1" 404 1954
"GET /static/images/demo-shop.jpg HTTP/1.1" 404 1987
"GET /static/images/demo-cart.jpg HTTP/1.1" 404 1987
"GET /static/images/demo-chat.jpg HTTP/1.1" 404 1987
"GET /static/images/demo-avatar.jpg HTTP/1.1" 404 1993
"GET /static/images/demo-grid-map.jpg HTTP/1.1" 404 1999
"GET /static/images/demo-grid-chat.jpg HTTP/1.1" 404 2002
"GET /static/images/demo-grid-shop.jpg HTTP/1.1" 404 2002
"GET /static/images/demo-grid-reactions.jpg HTTP/1.1" 404 2017
"GET /dashboard/ HTTP/1.1" 200 15075
"GET /static/images/uninav_logo.png HTTP/1.1" 404 1993
"GET /static/images/1st-floor.png HTTP/1.1" 404 1987
"GET /static/images/demo-carousel-3.jpg HTTP/1.1" 404 2005
"GET /static/images/demo-map.jpg HTTP/1.1" 404 1984
"GET /static/isotope.min.js HTTP/1.1" 404 1969
"GET /static/images/demo-carousel-2.jpg HTTP/1.1" 404 2005
"GET /static/owl-carousel.js HTTP/1.1" 404 1972
"GET /static/custom.js HTTP/1.1" 404 1954
"GET /static/counter.js HTTP/1.1" 404 1957
"GET /static/images/demo-shop.jpg HTTP/1.1" 404 1987
"GET /static/images/demo-cart.jpg HTTP/1.1" 404 1987
"GET /static/images/demo-chat.jpg HTTP/1.1" 404 1987
"GET /static/images/demo-avatar.jpg HTTP/1.1" 404 1993
"GET /static/images/demo-grid-map.jpg HTTP/1.1" 404 1999
"GET /static/images/demo-grid-chat.jpg HTTP/1.1" 404 2002
"GET /static/images/demo-grid-shop.jpg HTTP/1.1" 404 2002
"GET /static/images/demo-grid-reactions.jpg HTTP/1.1" 404 2017
"GET /dashboard/ HTTP/1.1" 200 15075
"GET /static/images/uninav_logo.png HTTP/1.1" 404 1993
"GET /static/images/1st-floor.png HTTP/1.1" 404 1987
"GET /static/images/demo-carousel-2.jpg HTTP/1.1" 404 2005
"GET /static/images/demo-carousel-3.jpg HTTP/1.1" 404 2005
"GET /static/images/demo-map.jpg HTTP/1.1" 404 1984
"GET /static/isotope.min.js HTTP/1.1" 404 1969
"GET /static/counter.js HTTP/1.1" 404 1957
"GET /static/owl-carousel.js HTTP/1.1" 404 1972
"GET /static/custom.js HTTP/1.1" 404 1954
"GET /static/images/demo-shop.jpg HTTP/1.1" 404 1987
"GET /static/images/demo-cart.jpg HTTP/1.1" 404 1987
"GET /static/images/demo-chat.jpg HTTP/1.1" 404 1987
"GET /static/images/demo-avatar.jpg HTTP/1.1" 404 1993
"GET /static/images/demo-grid-map.jpg HTTP/1.1" 404 1999
"GET /static/images/demo-grid-chat.jpg HTTP/1.1" 404 2002
"GET /static/images/demo-grid-shop.jpg HTTP/1.1" 404 2002
"GET /static/images/demo-grid-reactions.jpg HTTP/1.1" 404 2017
"GET /dashboard/ HTTP/1.1" 200 15075
"GET /static/images/uninav_logo.png HTTP/1.1" 404 1993
"GET /static/images/1st-floor.png HTTP/1.1" 404 1987
"GET /static/images/demo-carousel-2.jpg HTTP/1.1" 404 2005
"GET /static/images/demo-carousel-3.jpg HTTP/1.1" 404 2005
"GET /static/images/demo-map.jpg HTTP/1.1" 404 1984
"GET /static/isotope.min.js HTTP/1.1" 404 1969
"GET /static/owl-carousel.js HTTP/1.1" 404 1972
"GET /static/counter.js HTTP/1.1" 404 1957
"GET /static/custom.js HTTP/1.1" 404 1954
"GET /static/images/demo-shop.jpg HTTP/1.1" 404 1987
"GET /static/images/demo-cart.jpg HTTP/1.1" 404 1987
"GET /static/images/demo-chat.jpg HTTP/1.1" 404 1987
"GET /static/images/demo-avatar.jpg HTTP/1.1" 404 1993
"GET /static/images/demo-grid-map.jpg HTTP/1.1" 404 1999
"GET /static/images/demo-grid-chat.jpg HTTP/1.1" 404 2002
"GET /static/images/demo-grid-shop.jpg HTTP/1.1" 404 2002
"GET /static/images/demo-grid-reactions.jpg HTTP/1.1" 404 2017
"GET /campus-map/ HTTP/1.1" 200 3404
"GET /static/login/js/campusmap.js HTTP/1.1" 304 0
"GET /static/login/image/1st-floor.png HTTP/1.1" 304 0
"GET /campus-map/ HTTP/1.1" 200 7916
"GET /dashboard/ HTTP/1.1" 200 19587
"GET /static/images/uninav_logo.png HTTP/1.1" 404 1993
"GET /static/images/1st-floor.png HTTP/1.1" 404 1987
"GET /static/images/demo-carousel-2.jpg HTTP/1.1" 404 2005
"GET /static/images/demo-carousel-3.jpg HTTP/1.1" 404 2005
"GET /static/images/demo-map.jpg HTTP/1.1" 404 1984
"GET /static/isotope.min.js HTTP/1.1" 404 1969
"GET /static/owl-carousel.js HTTP/1.1" 404 1972
"GET /static/counter.js HTTP/1.1" 404 1957
"GET /static/custom.js HTTP/1.1" 404 1954
"GET /static/images/demo-shop.jpg HTTP/1.1" 404 1987
"GET /static/images/demo-cart.jpg HTTP/1.1" 404 1987
"GET /static/images/demo-avatar.jpg HTTP/1.1" 404 1993
"GET /static/images/demo-chat.jpg HTTP/1.1" 404 1987
"GET /static/images/demo-grid-map.jpg HTTP/1.1" 404 1999
"GET /static/images/demo-grid-shop.jpg HTTP/1.1" 404 2002
"GET /static/images/demo-grid-chat.jpg HTTP/1.1" 404 2002
"GET /static/images/demo-grid-reactions.jpg HTTP/1.1" 404 2017
"GET /dashboard/ HTTP/1.1" 302 0
"GET /login/ HTTP/1.1" 200 11177
"GET /static/login/css/style.css HTTP/1.1" 304 0
"GET /static/login/js/script.js HTTP/1.1" 304 0
"POST /login/ HTTP/1.1" 302 0
"GET /dashboard/ HTTP/1.1" 200 20960
"GET /static/isotope.min.js HTTP/1.1" 404 1969
"GET /static/counter.js HTTP/1.1" 404 1957
"GET /static/owl-carousel.js HTTP/1.1" 404 1972
"GET /static/custom.js HTTP/1.1" 404 1954
"GET /logout/ HTTP/1.1" 302 0
"GET /login/ HTTP/1.1" 200 11580
"POST /login/ HTTP/1.1" 302 0
"GET /dashboard/ HTTP/1.1" 200 20960
"GET /static/isotope.min.js HTTP/1.1" 404 1969
"GET /static/owl-carousel.js HTTP/1.1" 404 1972
"GET /static/counter.js HTTP/1.1" 404 1957
"GET /static/custom.js HTTP/1.1" 404 1954
"GET /chat/ HTTP/1.1" 200 20833
Watching for file changes with StatReloader
"GET / HTTP/1.1" 302 0
"GET /login/ HTTP/1.1" 200 11177
Not Found: /favicon.ico
"GET /favicon.ico HTTP/1.1" 404 8688
"POST /login/ HTTP/1.1" 302 0
"GET /login/ HTTP/1.1" 200 11574
"POST /login/ HTTP/1.1" 302 0
"GET /dashboard/ HTTP/1.1" 200 20960
"GET /static/isotope.min.js HTTP/1.1" 404 1969
"GET /static/owl-carousel.js HTTP/1.1" 404 1972
"GET /static/counter.js HTTP/1.1" 404 1957
"GET /static/custom.js HTTP/1.1" 404 1954
"GET /cart/ HTTP/1.1" 200 6868
"GET /dashboard/ HTTP/1.1" 200 20558
"GET /static/owl-carousel.js HTTP/1.1" 404 1972
"GET /static/isotope.min.js HTTP/1.1" 404 1969
"GET /static/counter.js HTTP/1.1" 404 1957
"GET /static/custom.js HTTP/1.1" 404 1954
"GET /chat/ HTTP/1.1" 200 20833
"GET /campus-map/ HTTP/1.1" 200 7916
"GET /chat/ HTTP/1.1" 200 20833
"GET /cart/ HTTP/1.1" 200 6868
"GET /shop/ HTTP/1.1" 200 12121
"GET /logout/ HTTP/1.1" 302 0
"GET /login/ HTTP/1.1" 200 11580
"POST /login/ HTTP/1.1" 302 0
"GET /dashboard/ HTTP/1.1" 200 22387
"GET /static/counter.js HTTP/1.1" 404 1957
"GET /static/owl-carousel.js HTTP/1.1" 404 1972
"GET /static/custom.js HTTP/1.1" 404 1954
"GET /static/isotope.min.js HTTP/1.1" 404 1969
"GET /chat/ HTTP/1.1" 200 20831
Internal Server Error: /add-product/
Traceback (most recent call last):
  File "C:\Users\mhoss\AppData\Local\Programs\Python\Python313\Lib\site-packages\django\core\handlers\exception.py", line 55, in inner
    response = get_response(request)
  File "C:\Users\mhoss\AppData\Local\Programs\Python\Python313\Lib\site-packages\django\core\handlers\base.py", line 197, in _get_response
    response = wrapped_callback(request, *callback_args, **callback_kwargs)
  File "C:\Users\mhoss\OneDrive\Desktop\uninav (2)\uninav\project\login\views.py", line 255, in add_product
    return render(request, "login/add_product.html")
  File "C:\Users\mhoss\AppData\Local\Programs\Python\Python313\Lib\site-packages\django\shortcuts.py", line 25, in render
    content = loader.render_to_string(template_name, context, request, using=using)
  File "C:\Users\mhoss\AppData\Local\Programs\Python\Python313\Lib\site-packages\django\template\loader.py", line 61, in render_to_string
    template = get_template(template_name, using=using)
  File "C:\Users\mhoss\AppData\Local\Programs\Python\Python313\Lib\site-packages\django\template\loader.py", line 19, in get_template
    raise TemplateDoesNotExist(template_name, chain=chain)
django.template.exceptions.TemplateDoesNotExist: login/add_product.html
"GET /add-product/ HTTP/1.1" 500 84655
"GET /logout/ HTTP/1.1" 302 0
"GET /login/ HTTP/1.1" 200 11580
"POST /login/ HTTP/1.1" 302 0
"GET /dashboard/ HTTP/1.1" 200 20960
"GET /static/isotope.min.js HTTP/1.1" 404 1969
"GET /static/owl-carousel.js HTTP/1.1" 404 1972
"GET /static/counter.js HTTP/1.1" 404 1957
"GET /static/custom.js HTTP/1.1" 404 1954
"GET /logout/ HTTP/1.1" 302 0
"GET /login/ HTTP/1.1" 200 11580
Watching for file changes with StatReloader
"GET / HTTP/1.1" 302 0
"GET /login/ HTTP/1.1" 200 11177
Not Found: /favicon.ico
"GET /favicon.ico HTTP/1.1" 404 8688
"GET /register/ HTTP/1.1" 200 14188
"GET /login/ HTTP/1.1" 200 11177
"POST /login/ HTTP/1.1" 302 0
"GET /dashboard/ HTTP/1.1" 200 20960
"GET /static/isotope.min.js HTTP/1.1" 404 1969
"GET /static/custom.js HTTP/1.1" 404 1954
"GET /static/counter.js HTTP/1.1" 404 1957
"GET /static/owl-carousel.js HTTP/1.1" 404 1972
"GET /campus-map/ HTTP/1.1" 200 7916
"GET /shop/ HTTP/1.1" 200 12121
"GET /cart/ HTTP/1.1" 200 6868
"GET /shop/ HTTP/1.1" 200 12121
"GET /add-to-cart/4/ HTTP/1.1" 302 0
"GET /shop/ HTTP/1.1" 200 12522
"GET /cart/ HTTP/1.1" 200 7972
"GET /payment/ HTTP/1.1" 200 7985
"GET /cart/ HTTP/1.1" 200 7972
"GET /dashboard/ HTTP/1.1" 200 20558
"GET /static/isotope.min.js HTTP/1.1" 404 1969
"GET /static/owl-carousel.js HTTP/1.1" 404 1972
"GET /static/custom.js HTTP/1.1" 404 1954
"GET /static/counter.js HTTP/1.1" 404 1957
"GET /dashboard/ HTTP/1.1" 200 20594
"GET /static/login/js/custom.js HTTP/1.1" 200 6216
"GET /static/login/js/counter.js HTTP/1.1" 200 3447
"GET /static/login/js/isotope.min.js HTTP/1.1" 200 35456
"GET /static/login/js/owl-carousel.js HTTP/1.1" 200 93438
Not Found: /.well-known/appspecific/com.chrome.devtools.json
"GET /.well-known/appspecific/com.chrome.devtools.json HTTP/1.1" 404 8799
"GET /dashboard/ HTTP/1.1" 200 20594
Not Found: /.well-known/appspecific/com.chrome.devtools.json
"GET /.well-known/appspecific/com.chrome.devtools.json HTTP/1.1" 404 8799
"GET /dashboard/ HTTP/1.1" 200 20594
Not Found: /.well-known/appspecific/com.chrome.devtools.json
"GET /.well-known/appspecific/com.chrome.devtools.json HTTP/1.1" 404 8799
Watching for file changes with StatReloader
"GET / HTTP/1.1" 302 0
"GET /login/ HTTP/1.1" 200 11177
"GET /static/login/css/style.css HTTP/1.1" 200 9853
Not Found: /favicon.ico
"GET /favicon.ico HTTP/1.1" 404 8688
"GET /login/ HTTP/1.1" 200 11177
"GET /register/ HTTP/1.1" 200 14188
"GET /register/ HTTP/1.1" 200 14188
"GET /login/ HTTP/1.1" 200 11177
"POST /login/ HTTP/1.1" 302 0
"GET /dashboard/ HTTP/1.1" 200 22423
"GET /static/login/js/owl-carousel.js HTTP/1.1" 304 0
"GET /static/login/js/isotope.min.js HTTP/1.1" 304 0
"GET /static/login/js/counter.js HTTP/1.1" 304 0
"GET /static/login/js/custom.js HTTP/1.1" 304 0
"GET /chat/ HTTP/1.1" 200 20831
"GET / HTTP/1.1" 302 0
"GET /login/ HTTP/1.1" 200 11177
"GET /static/login/css/style.css HTTP/1.1" 200 9853
"GET /static/login/js/script.js HTTP/1.1" 200 9985
Not Found: /favicon.ico
"GET /favicon.ico HTTP/1.1" 404 8688
"GET / HTTP/1.1" 302 0
"GET /login/ HTTP/1.1" 200 11177
"GET /static/login/css/style.css HTTP/1.1" 200 9853
"GET /static/login/js/script.js HTTP/1.1" 200 9985
Not Found: /favicon.ico
"GET /favicon.ico HTTP/1.1" 404 8688
"GET / HTTP/1.1" 302 0
"GET /login/ HTTP/1.1" 200 11177
"POST /login/ HTTP/1.1" 302 0
"GET /dashboard/ HTTP/1.1" 200 22423
"GET /static/login/js/counter.js HTTP/1.1" 200 3447
"GET /static/login/js/isotope.min.js HTTP/1.1" 200 35456
"GET /static/login/js/owl-carousel.js HTTP/1.1" 200 93438
"GET /static/login/js/custom.js HTTP/1.1" 200 6216
"GET /chat/ HTTP/1.1" 200 20831
"GET /chat/?id=1&type=group HTTP/1.1" 200 22631
Not Found: /ws/chat/group/1/
"GET /ws/chat/group/1/ HTTP/1.1" 404 8703
"GET /chat/?id=10&type=user HTTP/1.1" 200 22631
Not Found: /ws/chat/user/10/
"GET /ws/chat/user/10/ HTTP/1.1" 404 8703
"GET /chat/?id=3&type=user HTTP/1.1" 200 26669
Not Found: /ws/chat/user/3/
"GET /ws/chat/user/3/ HTTP/1.1" 404 8700
"GET /chat/?id=2&type=user HTTP/1.1" 200 22628
Not Found: /ws/chat/user/2/
"GET /ws/chat/user/2/ HTTP/1.1" 404 8700
"GET /chat/?id=10&type=user HTTP/1.1" 200 22631
Not Found: /ws/chat/user/10/
"GET /ws/chat/user/10/ HTTP/1.1" 404 8703
"GET /chat/?id=13&type=user HTTP/1.1" 200 22633
Not Found: /ws/chat/user/13/
"GET /ws/chat/user/13/ HTTP/1.1" 404 8703
"GET /campus-map/ HTTP/1.1" 200 7916
"GET /static/login/js/campusmap.js HTTP/1.1" 200 1329
"GET /static/login/image/1st-floor.png HTTP/1.1" 200 6440450
"GET /cart/ HTTP/1.1" 200 6868
"GET /shop/ HTTP/1.1" 200 12121
"GET /media/products/arduino.jpeg HTTP/1.1" 200 10816
"GET /media/products/ultra.jpeg HTTP/1.1" 200 7533
"GET /media/products/display.jpeg HTTP/1.1" 200 5493
"GET /media/products/thermal_sensor.jpeg HTTP/1.1" 200 4758
"GET /media/products/lifi-data-transfer-25.jpg HTTP/1.1" 200 59023
"GET /media/products/VALORANT___8_18_2025_2_34_41_AM_NmgNFuI.png HTTP/1.1" 200 3184311
"GET /add-to-cart/4/ HTTP/1.1" 302 0
"GET /shop/ HTTP/1.1" 200 12522
"GET /cart/ HTTP/1.1" 200 7972
"GET /payment/ HTTP/1.1" 302 0
"GET /login/ HTTP/1.1" 200 11944
"POST /login/ HTTP/1.1" 302 0
"GET /dashboard/ HTTP/1.1" 200 20996
"GET /chat/ HTTP/1.1" 200 20833
"GET /shop/ HTTP/1.1" 200 12121
"GET /add-to-cart/5/ HTTP/1.1" 302 0
"GET /shop/ HTTP/1.1" 200 12522
"GET /cart/ HTTP/1.1" 200 8403
"GET /payment/ HTTP/1.1" 200 7987
"GET /shop/ HTTP/1.1" 200 12121
"GET /logout/ HTTP/1.1" 302 0
"GET /login/ HTTP/1.1" 200 11580
Not Found: /.well-known/appspecific/com.chrome.devtools.json
"GET /.well-known/appspecific/com.chrome.devtools.json HTTP/1.1" 404 8799
Watching for file changes with StatReloader
"GET / HTTP/1.1" 302 0
"GET /login/ HTTP/1.1" 200 11177
"GET /static/login/css/style.css HTTP/1.1" 304 0
Not Found: /favicon.ico
"GET /favicon.ico HTTP/1.1" 404 8688
"POST /login/ HTTP/1.1" 302 0
"GET /dashboard/ HTTP/1.1" 200 20996
"GET /static/login/js/custom.js HTTP/1.1" 304 0
"GET /static/login/js/owl-carousel.js HTTP/1.1" 304 0
"GET /static/login/js/isotope.min.js HTTP/1.1" 304 0
"GET /static/login/js/counter.js HTTP/1.1" 304 0
Internal Server Error: /campus-map/
Traceback (most recent call last):
  File "C:\Users\mhoss\AppData\Local\Programs\Python\Python313\Lib\site-packages\django\db\backends\utils.py", line 105, in _execute
    return self.cursor.execute(sql, params)
           ~~~~~~~~~~~~~~~~~~~^^^^^^^^^^^^^
  File "C:\Users\mhoss\AppData\Local\Programs\Python\Python313\Lib\site-packages\django\db\backends\sqlite3\base.py", line 360, in execute
    return super().execute(query, params)
           ~~~~~~~~~~~~~~~^^^^^^^^^^^^^^^
sqlite3.OperationalError: no such table: login_location

The above exception was the direct cause of the following exception:

Traceback (most recent call last):
  File "C:\Users\mhoss\AppData\Local\Programs\Python\Python313\Lib\site-packages\django\core\handlers\exception.py", line 55, in inner
    response = get_response(request)
  File "C:\Users\mhoss\AppData\Local\Programs\Python\Python313\Lib\site-packages\django\core\handlers\base.py", line 197, in _get_response
    response = wrapped_callback(request, *callback_args, **callback_kwargs)
  File "C:\Users\mhoss\OneDrive\Desktop\uninav\project\login\views.py", line 620, in campus_map
    for loc in locations:
               ^^^^^^^^^
  File "C:\Users\mhoss\AppData\Local\Programs\Python\Python313\Lib\site-packages\django\db\models\query.py", line 384, in __iter__
    self._fetch_all()
    ~~~~~~~~~~~~~~~^^
  File "C:\Users\mhoss\AppData\Local\Programs\Python\Python313\Lib\site-packages\django\db\models\query.py", line 1935, in _fetch_all
    self._result_cache = list(self._iterable_class(self))
                         ~~~~^^^^^^^^^^^^^^^^^^^^^^^^^^^^
  File "C:\Users\mhoss\AppData\Local\Programs\Python\Python313\Lib\site-packages\django\db\models\query.py", line 216, in __iter__
    for row in compiler.results_iter(
               ~~~~~~~~~~~~~~~~~~~~~^
        chunked_fetch=self.chunked_fetch, chunk_size=self.chunk_size
        ^^^^^^^^^^^^^^^^^^^^^^^^^^^^^^^^^^^^^^^^^^^^^^^^^^^^^^^^^^^^
    ):
    ^
  File "C:\Users\mhoss\AppData\Local\Programs\Python\Python313\Lib\site-packages\django\db\models\sql\compiler.py", line 1571, in results_iter
    results = self.execute_sql(
        MULTI, chunked_fetch=chunked_fetch, chunk_size=chunk_size
    )
  File "C:\Users\mhoss\AppData\Local\Programs\Python\Python313\Lib\site-packages\django\db\models\sql\compiler.py", line 1622, in execute_sql
    cursor.execute(sql, params)
    ~~~~~~~~~~~~~~^^^^^^^^^^^^^
  File "C:\Users\mhoss\AppData\Local\Programs\Python\Python313\Lib\site-packages\django\db\backends\utils.py", line 122, in execute
    return super().execute(sql, params)
           ~~~~~~~~~~~~~~~^^^^^^^^^^^^^
  File "C:\Users\mhoss\AppData\Local\Programs\Python\Python313\Lib\site-packages\django\db\backends\utils.py", line 79, in execute
    return self._execute_with_wrappers(
           ~~~~~~~~~~~~~~~~~~~~~~~~~~~^
        sql, params, many=False, executor=self._execute
        ^^^^^^^^^^^^^^^^^^^^^^^^^^^^^^^^^^^^^^^^^^^^^^^
    )
    ^
  File "C:\Users\mhoss\AppData\Local\Programs\Python\Python313\Lib\site-packages\django\db\backends\utils.py", line 92, in _execute_with_wrappers
    return executor(sql, params, many, context)
  File "C:\Users\mhoss\AppData\Local\Programs\Python\Python313\Lib\site-packages\django\db\backends\utils.py", line 100, in _execute
    with self.db.wrap_database_errors:
         ^^^^^^^^^^^^^^^^^^^^^^^^^^^^
  File "C:\Users\mhoss\AppData\Local\Programs\Python\Python313\Lib\site-packages\django\db\utils.py", line 91, in __exit__
    raise dj_exc_value.with_traceback(traceback) from exc_value
  File "C:\Users\mhoss\AppData\Local\Programs\Python\Python313\Lib\site-packages\django\db\backends\utils.py", line 105, in _execute
    return self.cursor.execute(sql, params)
           ~~~~~~~~~~~~~~~~~~~^^^^^^^^^^^^^
  File "C:\Users\mhoss\AppData\Local\Programs\Python\Python313\Lib\site-packages\django\db\backends\sqlite3\base.py", line 360, in execute
    return super().execute(query, params)
           ~~~~~~~~~~~~~~~^^^^^^^^^^^^^^^
django.db.utils.OperationalError: no such table: login_location
"GET /campus-map/ HTTP/1.1" 500 138046
C:\Users\mhoss\OneDrive\Desktop\uninav\project\login\views.py changed, reloading.
Watching for file changes with StatReloader
Internal Server Error: /campus-map/
Traceback (most recent call last):
  File "C:\Users\mhoss\AppData\Local\Programs\Python\Python313\Lib\site-packages\django\db\backends\utils.py", line 105, in _execute
    return self.cursor.execute(sql, params)
           ~~~~~~~~~~~~~~~~~~~^^^^^^^^^^^^^
  File "C:\Users\mhoss\AppData\Local\Programs\Python\Python313\Lib\site-packages\django\db\backends\sqlite3\base.py", line 360, in execute
    return super().execute(query, params)
           ~~~~~~~~~~~~~~~^^^^^^^^^^^^^^^
sqlite3.OperationalError: no such table: login_location

The above exception was the direct cause of the following exception:

Traceback (most recent call last):
  File "C:\Users\mhoss\AppData\Local\Programs\Python\Python313\Lib\site-packages\django\core\handlers\exception.py", line 55, in inner
    response = get_response(request)
  File "C:\Users\mhoss\AppData\Local\Programs\Python\Python313\Lib\site-packages\django\core\handlers\base.py", line 197, in _get_response
    response = wrapped_callback(request, *callback_args, **callback_kwargs)
  File "C:\Users\mhoss\OneDrive\Desktop\uninav\project\login\views.py", line 620, in campus_map
    for loc in locations:
               ^^^^^^^^^
  File "C:\Users\mhoss\AppData\Local\Programs\Python\Python313\Lib\site-packages\django\db\models\query.py", line 384, in __iter__
    self._fetch_all()
    ~~~~~~~~~~~~~~~^^
  File "C:\Users\mhoss\AppData\Local\Programs\Python\Python313\Lib\site-packages\django\db\models\query.py", line 1935, in _fetch_all
    self._result_cache = list(self._iterable_class(self))
                         ~~~~^^^^^^^^^^^^^^^^^^^^^^^^^^^^
  File "C:\Users\mhoss\AppData\Local\Programs\Python\Python313\Lib\site-packages\django\db\models\query.py", line 216, in __iter__
    for row in compiler.results_iter(
               ~~~~~~~~~~~~~~~~~~~~~^
        chunked_fetch=self.chunked_fetch, chunk_size=self.chunk_size
        ^^^^^^^^^^^^^^^^^^^^^^^^^^^^^^^^^^^^^^^^^^^^^^^^^^^^^^^^^^^^
    ):
    ^
  File "C:\Users\mhoss\AppData\Local\Programs\Python\Python313\Lib\site-packages\django\db\models\sql\compiler.py", line 1571, in results_iter
    results = self.execute_sql(
        MULTI, chunked_fetch=chunked_fetch, chunk_size=chunk_size
    )
  File "C:\Users\mhoss\AppData\Local\Programs\Python\Python313\Lib\site-packages\django\db\models\sql\compiler.py", line 1622, in execute_sql
    cursor.execute(sql, params)
    ~~~~~~~~~~~~~~^^^^^^^^^^^^^
  File "C:\Users\mhoss\AppData\Local\Programs\Python\Python313\Lib\site-packages\django\db\backends\utils.py", line 122, in execute
    return super().execute(sql, params)
           ~~~~~~~~~~~~~~~^^^^^^^^^^^^^
  File "C:\Users\mhoss\AppData\Local\Programs\Python\Python313\Lib\site-packages\django\db\backends\utils.py", line 79, in execute
    return self._execute_with_wrappers(
           ~~~~~~~~~~~~~~~~~~~~~~~~~~~^
        sql, params, many=False, executor=self._execute
        ^^^^^^^^^^^^^^^^^^^^^^^^^^^^^^^^^^^^^^^^^^^^^^^
    )
    ^
  File "C:\Users\mhoss\AppData\Local\Programs\Python\Python313\Lib\site-packages\django\db\backends\utils.py", line 92, in _execute_with_wrappers
    return executor(sql, params, many, context)
  File "C:\Users\mhoss\AppData\Local\Programs\Python\Python313\Lib\site-packages\django\db\backends\utils.py", line 100, in _execute
    with self.db.wrap_database_errors:
         ^^^^^^^^^^^^^^^^^^^^^^^^^^^^
  File "C:\Users\mhoss\AppData\Local\Programs\Python\Python313\Lib\site-packages\django\db\utils.py", line 91, in __exit__
    raise dj_exc_value.with_traceback(traceback) from exc_value
  File "C:\Users\mhoss\AppData\Local\Programs\Python\Python313\Lib\site-packages\django\db\backends\utils.py", line 105, in _execute
    return self.cursor.execute(sql, params)
           ~~~~~~~~~~~~~~~~~~~^^^^^^^^^^^^^
  File "C:\Users\mhoss\AppData\Local\Programs\Python\Python313\Lib\site-packages\django\db\backends\sqlite3\base.py", line 360, in execute
    return super().execute(query, params)
           ~~~~~~~~~~~~~~~^^^^^^^^^^^^^^^
django.db.utils.OperationalError: no such table: login_location
"GET /campus-map/ HTTP/1.1" 500 138183
Internal Server Error: /campus-map/
Traceback (most recent call last):
  File "C:\Users\mhoss\AppData\Local\Programs\Python\Python313\Lib\site-packages\django\db\backends\utils.py", line 105, in _execute
    return self.cursor.execute(sql, params)
           ~~~~~~~~~~~~~~~~~~~^^^^^^^^^^^^^
  File "C:\Users\mhoss\AppData\Local\Programs\Python\Python313\Lib\site-packages\django\db\backends\sqlite3\base.py", line 360, in execute
    return super().execute(query, params)
           ~~~~~~~~~~~~~~~^^^^^^^^^^^^^^^
sqlite3.OperationalError: no such table: login_location

The above exception was the direct cause of the following exception:

Traceback (most recent call last):
  File "C:\Users\mhoss\AppData\Local\Programs\Python\Python313\Lib\site-packages\django\core\handlers\exception.py", line 55, in inner
    response = get_response(request)
  File "C:\Users\mhoss\AppData\Local\Programs\Python\Python313\Lib\site-packages\django\core\handlers\base.py", line 197, in _get_response
    response = wrapped_callback(request, *callback_args, **callback_kwargs)
  File "C:\Users\mhoss\OneDrive\Desktop\uninav\project\login\views.py", line 620, in campus_map
    for loc in locations:
               ^^^^^^^^^
  File "C:\Users\mhoss\AppData\Local\Programs\Python\Python313\Lib\site-packages\django\db\models\query.py", line 384, in __iter__
    self._fetch_all()
    ~~~~~~~~~~~~~~~^^
  File "C:\Users\mhoss\AppData\Local\Programs\Python\Python313\Lib\site-packages\django\db\models\query.py", line 1935, in _fetch_all
    self._result_cache = list(self._iterable_class(self))
                         ~~~~^^^^^^^^^^^^^^^^^^^^^^^^^^^^
  File "C:\Users\mhoss\AppData\Local\Programs\Python\Python313\Lib\site-packages\django\db\models\query.py", line 216, in __iter__
    for row in compiler.results_iter(
               ~~~~~~~~~~~~~~~~~~~~~^
        chunked_fetch=self.chunked_fetch, chunk_size=self.chunk_size
        ^^^^^^^^^^^^^^^^^^^^^^^^^^^^^^^^^^^^^^^^^^^^^^^^^^^^^^^^^^^^
    ):
    ^
  File "C:\Users\mhoss\AppData\Local\Programs\Python\Python313\Lib\site-packages\django\db\models\sql\compiler.py", line 1571, in results_iter
    results = self.execute_sql(
        MULTI, chunked_fetch=chunked_fetch, chunk_size=chunk_size
    )
  File "C:\Users\mhoss\AppData\Local\Programs\Python\Python313\Lib\site-packages\django\db\models\sql\compiler.py", line 1622, in execute_sql
    cursor.execute(sql, params)
    ~~~~~~~~~~~~~~^^^^^^^^^^^^^
  File "C:\Users\mhoss\AppData\Local\Programs\Python\Python313\Lib\site-packages\django\db\backends\utils.py", line 122, in execute
    return super().execute(sql, params)
           ~~~~~~~~~~~~~~~^^^^^^^^^^^^^
  File "C:\Users\mhoss\AppData\Local\Programs\Python\Python313\Lib\site-packages\django\db\backends\utils.py", line 79, in execute
    return self._execute_with_wrappers(
           ~~~~~~~~~~~~~~~~~~~~~~~~~~~^
        sql, params, many=False, executor=self._execute
        ^^^^^^^^^^^^^^^^^^^^^^^^^^^^^^^^^^^^^^^^^^^^^^^
    )
    ^
  File "C:\Users\mhoss\AppData\Local\Programs\Python\Python313\Lib\site-packages\django\db\backends\utils.py", line 92, in _execute_with_wrappers
    return executor(sql, params, many, context)
  File "C:\Users\mhoss\AppData\Local\Programs\Python\Python313\Lib\site-packages\django\db\backends\utils.py", line 100, in _execute
    with self.db.wrap_database_errors:
         ^^^^^^^^^^^^^^^^^^^^^^^^^^^^
  File "C:\Users\mhoss\AppData\Local\Programs\Python\Python313\Lib\site-packages\django\db\utils.py", line 91, in __exit__
    raise dj_exc_value.with_traceback(traceback) from exc_value
  File "C:\Users\mhoss\AppData\Local\Programs\Python\Python313\Lib\site-packages\django\db\backends\utils.py", line 105, in _execute
    return self.cursor.execute(sql, params)
           ~~~~~~~~~~~~~~~~~~~^^^^^^^^^^^^^
  File "C:\Users\mhoss\AppData\Local\Programs\Python\Python313\Lib\site-packages\django\db\backends\sqlite3\base.py", line 360, in execute
    return super().execute(query, params)
           ~~~~~~~~~~~~~~~^^^^^^^^^^^^^^^
django.db.utils.OperationalError: no such table: login_location
"GET /campus-map/ HTTP/1.1" 500 138183
Internal Server Error: /campus-map/
Traceback (most recent call last):
  File "C:\Users\mhoss\AppData\Local\Programs\Python\Python313\Lib\site-packages\django\db\backends\utils.py", line 105, in _execute
    return self.cursor.execute(sql, params)
           ~~~~~~~~~~~~~~~~~~~^^^^^^^^^^^^^
  File "C:\Users\mhoss\AppData\Local\Programs\Python\Python313\Lib\site-packages\django\db\backends\sqlite3\base.py", line 360, in execute
    return super().execute(query, params)
           ~~~~~~~~~~~~~~~^^^^^^^^^^^^^^^
sqlite3.OperationalError: no such table: login_location

The above exception was the direct cause of the following exception:

Traceback (most recent call last):
  File "C:\Users\mhoss\AppData\Local\Programs\Python\Python313\Lib\site-packages\django\core\handlers\exception.py", line 55, in inner
    response = get_response(request)
  File "C:\Users\mhoss\AppData\Local\Programs\Python\Python313\Lib\site-packages\django\core\handlers\base.py", line 197, in _get_response
    response = wrapped_callback(request, *callback_args, **callback_kwargs)
  File "C:\Users\mhoss\OneDrive\Desktop\uninav\project\login\views.py", line 620, in campus_map
    for loc in locations:
               ^^^^^^^^^
  File "C:\Users\mhoss\AppData\Local\Programs\Python\Python313\Lib\site-packages\django\db\models\query.py", line 384, in __iter__
    self._fetch_all()
    ~~~~~~~~~~~~~~~^^
  File "C:\Users\mhoss\AppData\Local\Programs\Python\Python313\Lib\site-packages\django\db\models\query.py", line 1935, in _fetch_all
    self._result_cache = list(self._iterable_class(self))
                         ~~~~^^^^^^^^^^^^^^^^^^^^^^^^^^^^
  File "C:\Users\mhoss\AppData\Local\Programs\Python\Python313\Lib\site-packages\django\db\models\query.py", line 216, in __iter__
    for row in compiler.results_iter(
               ~~~~~~~~~~~~~~~~~~~~~^
        chunked_fetch=self.chunked_fetch, chunk_size=self.chunk_size
        ^^^^^^^^^^^^^^^^^^^^^^^^^^^^^^^^^^^^^^^^^^^^^^^^^^^^^^^^^^^^
    ):
    ^
  File "C:\Users\mhoss\AppData\Local\Programs\Python\Python313\Lib\site-packages\django\db\models\sql\compiler.py", line 1571, in results_iter
    results = self.execute_sql(
        MULTI, chunked_fetch=chunked_fetch, chunk_size=chunk_size
    )
  File "C:\Users\mhoss\AppData\Local\Programs\Python\Python313\Lib\site-packages\django\db\models\sql\compiler.py", line 1622, in execute_sql
    cursor.execute(sql, params)
    ~~~~~~~~~~~~~~^^^^^^^^^^^^^
  File "C:\Users\mhoss\AppData\Local\Programs\Python\Python313\Lib\site-packages\django\db\backends\utils.py", line 122, in execute
    return super().execute(sql, params)
           ~~~~~~~~~~~~~~~^^^^^^^^^^^^^
  File "C:\Users\mhoss\AppData\Local\Programs\Python\Python313\Lib\site-packages\django\db\backends\utils.py", line 79, in execute
    return self._execute_with_wrappers(
           ~~~~~~~~~~~~~~~~~~~~~~~~~~~^
        sql, params, many=False, executor=self._execute
        ^^^^^^^^^^^^^^^^^^^^^^^^^^^^^^^^^^^^^^^^^^^^^^^
    )
    ^
  File "C:\Users\mhoss\AppData\Local\Programs\Python\Python313\Lib\site-packages\django\db\backends\utils.py", line 92, in _execute_with_wrappers
    return executor(sql, params, many, context)
  File "C:\Users\mhoss\AppData\Local\Programs\Python\Python313\Lib\site-packages\django\db\backends\utils.py", line 100, in _execute
    with self.db.wrap_database_errors:
         ^^^^^^^^^^^^^^^^^^^^^^^^^^^^
  File "C:\Users\mhoss\AppData\Local\Programs\Python\Python313\Lib\site-packages\django\db\utils.py", line 91, in __exit__
    raise dj_exc_value.with_traceback(traceback) from exc_value
  File "C:\Users\mhoss\AppData\Local\Programs\Python\Python313\Lib\site-packages\django\db\backends\utils.py", line 105, in _execute
    return self.cursor.execute(sql, params)
           ~~~~~~~~~~~~~~~~~~~^^^^^^^^^^^^^
  File "C:\Users\mhoss\AppData\Local\Programs\Python\Python313\Lib\site-packages\django\db\backends\sqlite3\base.py", line 360, in execute
    return super().execute(query, params)
           ~~~~~~~~~~~~~~~^^^^^^^^^^^^^^^
django.db.utils.OperationalError: no such table: login_location
"GET /campus-map/ HTTP/1.1" 500 138183
C:\Users\mhoss\OneDrive\Desktop\uninav\project\login\views.py changed, reloading.
Watching for file changes with StatReloader
"GET / HTTP/1.1" 302 0
"GET /login/ HTTP/1.1" 200 11534
"POST /login/ HTTP/1.1" 302 0
"GET /dashboard/ HTTP/1.1" 200 20996
Internal Server Error: /campus-map/
Traceback (most recent call last):
  File "C:\Users\mhoss\AppData\Local\Programs\Python\Python313\Lib\site-packages\django\db\backends\utils.py", line 105, in _execute
    return self.cursor.execute(sql, params)
           ~~~~~~~~~~~~~~~~~~~^^^^^^^^^^^^^
  File "C:\Users\mhoss\AppData\Local\Programs\Python\Python313\Lib\site-packages\django\db\backends\sqlite3\base.py", line 360, in execute
    return super().execute(query, params)
           ~~~~~~~~~~~~~~~^^^^^^^^^^^^^^^
sqlite3.OperationalError: no such table: login_location

The above exception was the direct cause of the following exception:

Traceback (most recent call last):
  File "C:\Users\mhoss\AppData\Local\Programs\Python\Python313\Lib\site-packages\django\core\handlers\exception.py", line 55, in inner
    response = get_response(request)
  File "C:\Users\mhoss\AppData\Local\Programs\Python\Python313\Lib\site-packages\django\core\handlers\base.py", line 197, in _get_response
    response = wrapped_callback(request, *callback_args, **callback_kwargs)
  File "C:\Users\mhoss\OneDrive\Desktop\uninav\project\login\views.py", line 620, in campus_map
    for loc in locations:
               ^^^^^^^^^
  File "C:\Users\mhoss\AppData\Local\Programs\Python\Python313\Lib\site-packages\django\db\models\query.py", line 384, in __iter__
    self._fetch_all()
    ~~~~~~~~~~~~~~~^^
  File "C:\Users\mhoss\AppData\Local\Programs\Python\Python313\Lib\site-packages\django\db\models\query.py", line 1935, in _fetch_all
    self._result_cache = list(self._iterable_class(self))
                         ~~~~^^^^^^^^^^^^^^^^^^^^^^^^^^^^
  File "C:\Users\mhoss\AppData\Local\Programs\Python\Python313\Lib\site-packages\django\db\models\query.py", line 216, in __iter__
    for row in compiler.results_iter(
               ~~~~~~~~~~~~~~~~~~~~~^
        chunked_fetch=self.chunked_fetch, chunk_size=self.chunk_size
        ^^^^^^^^^^^^^^^^^^^^^^^^^^^^^^^^^^^^^^^^^^^^^^^^^^^^^^^^^^^^
    ):
    ^
  File "C:\Users\mhoss\AppData\Local\Programs\Python\Python313\Lib\site-packages\django\db\models\sql\compiler.py", line 1571, in results_iter
    results = self.execute_sql(
        MULTI, chunked_fetch=chunked_fetch, chunk_size=chunk_size
    )
  File "C:\Users\mhoss\AppData\Local\Programs\Python\Python313\Lib\site-packages\django\db\models\sql\compiler.py", line 1622, in execute_sql
    cursor.execute(sql, params)
    ~~~~~~~~~~~~~~^^^^^^^^^^^^^
  File "C:\Users\mhoss\AppData\Local\Programs\Python\Python313\Lib\site-packages\django\db\backends\utils.py", line 122, in execute
    return super().execute(sql, params)
           ~~~~~~~~~~~~~~~^^^^^^^^^^^^^
  File "C:\Users\mhoss\AppData\Local\Programs\Python\Python313\Lib\site-packages\django\db\backends\utils.py", line 79, in execute
    return self._execute_with_wrappers(
           ~~~~~~~~~~~~~~~~~~~~~~~~~~~^
        sql, params, many=False, executor=self._execute
        ^^^^^^^^^^^^^^^^^^^^^^^^^^^^^^^^^^^^^^^^^^^^^^^
    )
    ^
  File "C:\Users\mhoss\AppData\Local\Programs\Python\Python313\Lib\site-packages\django\db\backends\utils.py", line 92, in _execute_with_wrappers
    return executor(sql, params, many, context)
  File "C:\Users\mhoss\AppData\Local\Programs\Python\Python313\Lib\site-packages\django\db\backends\utils.py", line 100, in _execute
    with self.db.wrap_database_errors:
         ^^^^^^^^^^^^^^^^^^^^^^^^^^^^
  File "C:\Users\mhoss\AppData\Local\Programs\Python\Python313\Lib\site-packages\django\db\utils.py", line 91, in __exit__
    raise dj_exc_value.with_traceback(traceback) from exc_value
  File "C:\Users\mhoss\AppData\Local\Programs\Python\Python313\Lib\site-packages\django\db\backends\utils.py", line 105, in _execute
    return self.cursor.execute(sql, params)
           ~~~~~~~~~~~~~~~~~~~^^^^^^^^^^^^^
  File "C:\Users\mhoss\AppData\Local\Programs\Python\Python313\Lib\site-packages\django\db\backends\sqlite3\base.py", line 360, in execute
    return super().execute(query, params)
           ~~~~~~~~~~~~~~~^^^^^^^^^^^^^^^
django.db.utils.OperationalError: no such table: login_location
"GET /campus-map/ HTTP/1.1" 500 138046
C:\Users\mhoss\OneDrive\Desktop\uninav\project\login\views.py changed, reloading.
Watching for file changes with StatReloader
"GET / HTTP/1.1" 302 0
"GET /login/ HTTP/1.1" 200 11534
"POST /login/ HTTP/1.1" 302 0
"GET /dashboard/ HTTP/1.1" 200 20996
Internal Server Error: /campus-map/
Traceback (most recent call last):
  File "C:\Users\mhoss\AppData\Local\Programs\Python\Python313\Lib\site-packages\django\db\backends\utils.py", line 105, in _execute
    return self.cursor.execute(sql, params)
           ~~~~~~~~~~~~~~~~~~~^^^^^^^^^^^^^
  File "C:\Users\mhoss\AppData\Local\Programs\Python\Python313\Lib\site-packages\django\db\backends\sqlite3\base.py", line 360, in execute
    return super().execute(query, params)
           ~~~~~~~~~~~~~~~^^^^^^^^^^^^^^^
sqlite3.OperationalError: no such table: login_location

The above exception was the direct cause of the following exception:

Traceback (most recent call last):
  File "C:\Users\mhoss\AppData\Local\Programs\Python\Python313\Lib\site-packages\django\core\handlers\exception.py", line 55, in inner
    response = get_response(request)
  File "C:\Users\mhoss\AppData\Local\Programs\Python\Python313\Lib\site-packages\django\core\handlers\base.py", line 197, in _get_response
    response = wrapped_callback(request, *callback_args, **callback_kwargs)
  File "C:\Users\mhoss\OneDrive\Desktop\uninav\project\login\views.py", line 620, in campus_map
    for loc in locations:
               ^^^^^^^^^
  File "C:\Users\mhoss\AppData\Local\Programs\Python\Python313\Lib\site-packages\django\db\models\query.py", line 384, in __iter__
    self._fetch_all()
    ~~~~~~~~~~~~~~~^^
  File "C:\Users\mhoss\AppData\Local\Programs\Python\Python313\Lib\site-packages\django\db\models\query.py", line 1935, in _fetch_all
    self._result_cache = list(self._iterable_class(self))
                         ~~~~^^^^^^^^^^^^^^^^^^^^^^^^^^^^
  File "C:\Users\mhoss\AppData\Local\Programs\Python\Python313\Lib\site-packages\django\db\models\query.py", line 216, in __iter__
    for row in compiler.results_iter(
               ~~~~~~~~~~~~~~~~~~~~~^
        chunked_fetch=self.chunked_fetch, chunk_size=self.chunk_size
        ^^^^^^^^^^^^^^^^^^^^^^^^^^^^^^^^^^^^^^^^^^^^^^^^^^^^^^^^^^^^
    ):
    ^
  File "C:\Users\mhoss\AppData\Local\Programs\Python\Python313\Lib\site-packages\django\db\models\sql\compiler.py", line 1571, in results_iter
    results = self.execute_sql(
        MULTI, chunked_fetch=chunked_fetch, chunk_size=chunk_size
    )
  File "C:\Users\mhoss\AppData\Local\Programs\Python\Python313\Lib\site-packages\django\db\models\sql\compiler.py", line 1622, in execute_sql
    cursor.execute(sql, params)
    ~~~~~~~~~~~~~~^^^^^^^^^^^^^
  File "C:\Users\mhoss\AppData\Local\Programs\Python\Python313\Lib\site-packages\django\db\backends\utils.py", line 122, in execute
    return super().execute(sql, params)
           ~~~~~~~~~~~~~~~^^^^^^^^^^^^^
  File "C:\Users\mhoss\AppData\Local\Programs\Python\Python313\Lib\site-packages\django\db\backends\utils.py", line 79, in execute
    return self._execute_with_wrappers(
           ~~~~~~~~~~~~~~~~~~~~~~~~~~~^
        sql, params, many=False, executor=self._execute
        ^^^^^^^^^^^^^^^^^^^^^^^^^^^^^^^^^^^^^^^^^^^^^^^
    )
    ^
  File "C:\Users\mhoss\AppData\Local\Programs\Python\Python313\Lib\site-packages\django\db\backends\utils.py", line 92, in _execute_with_wrappers
    return executor(sql, params, many, context)
  File "C:\Users\mhoss\AppData\Local\Programs\Python\Python313\Lib\site-packages\django\db\backends\utils.py", line 100, in _execute
    with self.db.wrap_database_errors:
         ^^^^^^^^^^^^^^^^^^^^^^^^^^^^
  File "C:\Users\mhoss\AppData\Local\Programs\Python\Python313\Lib\site-packages\django\db\utils.py", line 91, in __exit__
    raise dj_exc_value.with_traceback(traceback) from exc_value
  File "C:\Users\mhoss\AppData\Local\Programs\Python\Python313\Lib\site-packages\django\db\backends\utils.py", line 105, in _execute
    return self.cursor.execute(sql, params)
           ~~~~~~~~~~~~~~~~~~~^^^^^^^^^^^^^
  File "C:\Users\mhoss\AppData\Local\Programs\Python\Python313\Lib\site-packages\django\db\backends\sqlite3\base.py", line 360, in execute
    return super().execute(query, params)
           ~~~~~~~~~~~~~~~^^^^^^^^^^^^^^^
django.db.utils.OperationalError: no such table: login_location
"GET /campus-map/ HTTP/1.1" 500 138046
C:\Users\mhoss\OneDrive\Desktop\uninav\project\login\views.py changed, reloading.
Watching for file changes with StatReloader
Internal Server Error: /campus-map/
Traceback (most recent call last):
  File "C:\Users\mhoss\AppData\Local\Programs\Python\Python313\Lib\site-packages\django\db\backends\utils.py", line 105, in _execute
    return self.cursor.execute(sql, params)
           ~~~~~~~~~~~~~~~~~~~^^^^^^^^^^^^^
  File "C:\Users\mhoss\AppData\Local\Programs\Python\Python313\Lib\site-packages\django\db\backends\sqlite3\base.py", line 360, in execute
    return super().execute(query, params)
           ~~~~~~~~~~~~~~~^^^^^^^^^^^^^^^
sqlite3.OperationalError: no such table: login_location

The above exception was the direct cause of the following exception:

Traceback (most recent call last):
  File "C:\Users\mhoss\AppData\Local\Programs\Python\Python313\Lib\site-packages\django\core\handlers\exception.py", line 55, in inner
    response = get_response(request)
  File "C:\Users\mhoss\AppData\Local\Programs\Python\Python313\Lib\site-packages\django\core\handlers\base.py", line 197, in _get_response
    response = wrapped_callback(request, *callback_args, **callback_kwargs)
  File "C:\Users\mhoss\OneDrive\Desktop\uninav\project\login\views.py", line 621, in campus_map
    for loc in locations:
               ^^^^^^^^^
  File "C:\Users\mhoss\AppData\Local\Programs\Python\Python313\Lib\site-packages\django\db\models\query.py", line 384, in __iter__
    self._fetch_all()
    ~~~~~~~~~~~~~~~^^
  File "C:\Users\mhoss\AppData\Local\Programs\Python\Python313\Lib\site-packages\django\db\models\query.py", line 1935, in _fetch_all
    self._result_cache = list(self._iterable_class(self))
                         ~~~~^^^^^^^^^^^^^^^^^^^^^^^^^^^^
  File "C:\Users\mhoss\AppData\Local\Programs\Python\Python313\Lib\site-packages\django\db\models\query.py", line 216, in __iter__
    for row in compiler.results_iter(
               ~~~~~~~~~~~~~~~~~~~~~^
        chunked_fetch=self.chunked_fetch, chunk_size=self.chunk_size
        ^^^^^^^^^^^^^^^^^^^^^^^^^^^^^^^^^^^^^^^^^^^^^^^^^^^^^^^^^^^^
    ):
    ^
  File "C:\Users\mhoss\AppData\Local\Programs\Python\Python313\Lib\site-packages\django\db\models\sql\compiler.py", line 1571, in results_iter
    results = self.execute_sql(
        MULTI, chunked_fetch=chunked_fetch, chunk_size=chunk_size
    )
  File "C:\Users\mhoss\AppData\Local\Programs\Python\Python313\Lib\site-packages\django\db\models\sql\compiler.py", line 1622, in execute_sql
    cursor.execute(sql, params)
    ~~~~~~~~~~~~~~^^^^^^^^^^^^^
  File "C:\Users\mhoss\AppData\Local\Programs\Python\Python313\Lib\site-packages\django\db\backends\utils.py", line 122, in execute
    return super().execute(sql, params)
           ~~~~~~~~~~~~~~~^^^^^^^^^^^^^
  File "C:\Users\mhoss\AppData\Local\Programs\Python\Python313\Lib\site-packages\django\db\backends\utils.py", line 79, in execute
    return self._execute_with_wrappers(
           ~~~~~~~~~~~~~~~~~~~~~~~~~~~^
        sql, params, many=False, executor=self._execute
        ^^^^^^^^^^^^^^^^^^^^^^^^^^^^^^^^^^^^^^^^^^^^^^^
    )
    ^
  File "C:\Users\mhoss\AppData\Local\Programs\Python\Python313\Lib\site-packages\django\db\backends\utils.py", line 92, in _execute_with_wrappers
    return executor(sql, params, many, context)
  File "C:\Users\mhoss\AppData\Local\Programs\Python\Python313\Lib\site-packages\django\db\backends\utils.py", line 100, in _execute
    with self.db.wrap_database_errors:
         ^^^^^^^^^^^^^^^^^^^^^^^^^^^^
  File "C:\Users\mhoss\AppData\Local\Programs\Python\Python313\Lib\site-packages\django\db\utils.py", line 91, in __exit__
    raise dj_exc_value.with_traceback(traceback) from exc_value
  File "C:\Users\mhoss\AppData\Local\Programs\Python\Python313\Lib\site-packages\django\db\backends\utils.py", line 105, in _execute
    return self.cursor.execute(sql, params)
           ~~~~~~~~~~~~~~~~~~~^^^^^^^^^^^^^
  File "C:\Users\mhoss\AppData\Local\Programs\Python\Python313\Lib\site-packages\django\db\backends\sqlite3\base.py", line 360, in execute
    return super().execute(query, params)
           ~~~~~~~~~~~~~~~^^^^^^^^^^^^^^^
django.db.utils.OperationalError: no such table: login_location
"GET /campus-map/ HTTP/1.1" 500 138186
Internal Server Error: /campus-map/
Traceback (most recent call last):
  File "C:\Users\mhoss\AppData\Local\Programs\Python\Python313\Lib\site-packages\django\db\backends\utils.py", line 105, in _execute
    return self.cursor.execute(sql, params)
           ~~~~~~~~~~~~~~~~~~~^^^^^^^^^^^^^
  File "C:\Users\mhoss\AppData\Local\Programs\Python\Python313\Lib\site-packages\django\db\backends\sqlite3\base.py", line 360, in execute
    return super().execute(query, params)
           ~~~~~~~~~~~~~~~^^^^^^^^^^^^^^^
sqlite3.OperationalError: no such table: login_location

The above exception was the direct cause of the following exception:

Traceback (most recent call last):
  File "C:\Users\mhoss\AppData\Local\Programs\Python\Python313\Lib\site-packages\django\core\handlers\exception.py", line 55, in inner
    response = get_response(request)
  File "C:\Users\mhoss\AppData\Local\Programs\Python\Python313\Lib\site-packages\django\core\handlers\base.py", line 197, in _get_response
    response = wrapped_callback(request, *callback_args, **callback_kwargs)
  File "C:\Users\mhoss\OneDrive\Desktop\uninav\project\login\views.py", line 621, in campus_map
    for loc in locations:
               ^^^^^^^^^
  File "C:\Users\mhoss\AppData\Local\Programs\Python\Python313\Lib\site-packages\django\db\models\query.py", line 384, in __iter__
    self._fetch_all()
    ~~~~~~~~~~~~~~~^^
  File "C:\Users\mhoss\AppData\Local\Programs\Python\Python313\Lib\site-packages\django\db\models\query.py", line 1935, in _fetch_all
    self._result_cache = list(self._iterable_class(self))
                         ~~~~^^^^^^^^^^^^^^^^^^^^^^^^^^^^
  File "C:\Users\mhoss\AppData\Local\Programs\Python\Python313\Lib\site-packages\django\db\models\query.py", line 216, in __iter__
    for row in compiler.results_iter(
               ~~~~~~~~~~~~~~~~~~~~~^
        chunked_fetch=self.chunked_fetch, chunk_size=self.chunk_size
        ^^^^^^^^^^^^^^^^^^^^^^^^^^^^^^^^^^^^^^^^^^^^^^^^^^^^^^^^^^^^
    ):
    ^
  File "C:\Users\mhoss\AppData\Local\Programs\Python\Python313\Lib\site-packages\django\db\models\sql\compiler.py", line 1571, in results_iter
    results = self.execute_sql(
        MULTI, chunked_fetch=chunked_fetch, chunk_size=chunk_size
    )
  File "C:\Users\mhoss\AppData\Local\Programs\Python\Python313\Lib\site-packages\django\db\models\sql\compiler.py", line 1622, in execute_sql
    cursor.execute(sql, params)
    ~~~~~~~~~~~~~~^^^^^^^^^^^^^
  File "C:\Users\mhoss\AppData\Local\Programs\Python\Python313\Lib\site-packages\django\db\backends\utils.py", line 122, in execute
    return super().execute(sql, params)
           ~~~~~~~~~~~~~~~^^^^^^^^^^^^^
  File "C:\Users\mhoss\AppData\Local\Programs\Python\Python313\Lib\site-packages\django\db\backends\utils.py", line 79, in execute
    return self._execute_with_wrappers(
           ~~~~~~~~~~~~~~~~~~~~~~~~~~~^
        sql, params, many=False, executor=self._execute
        ^^^^^^^^^^^^^^^^^^^^^^^^^^^^^^^^^^^^^^^^^^^^^^^
    )
    ^
  File "C:\Users\mhoss\AppData\Local\Programs\Python\Python313\Lib\site-packages\django\db\backends\utils.py", line 92, in _execute_with_wrappers
    return executor(sql, params, many, context)
  File "C:\Users\mhoss\AppData\Local\Programs\Python\Python313\Lib\site-packages\django\db\backends\utils.py", line 100, in _execute
    with self.db.wrap_database_errors:
         ^^^^^^^^^^^^^^^^^^^^^^^^^^^^
  File "C:\Users\mhoss\AppData\Local\Programs\Python\Python313\Lib\site-packages\django\db\utils.py", line 91, in __exit__
    raise dj_exc_value.with_traceback(traceback) from exc_value
  File "C:\Users\mhoss\AppData\Local\Programs\Python\Python313\Lib\site-packages\django\db\backends\utils.py", line 105, in _execute
    return self.cursor.execute(sql, params)
           ~~~~~~~~~~~~~~~~~~~^^^^^^^^^^^^^
  File "C:\Users\mhoss\AppData\Local\Programs\Python\Python313\Lib\site-packages\django\db\backends\sqlite3\base.py", line 360, in execute
    return super().execute(query, params)
           ~~~~~~~~~~~~~~~^^^^^^^^^^^^^^^
django.db.utils.OperationalError: no such table: login_location
"GET /campus-map/ HTTP/1.1" 500 138186
Internal Server Error: /campus-map/
Traceback (most recent call last):
  File "C:\Users\mhoss\AppData\Local\Programs\Python\Python313\Lib\site-packages\django\db\backends\utils.py", line 105, in _execute
    return self.cursor.execute(sql, params)
           ~~~~~~~~~~~~~~~~~~~^^^^^^^^^^^^^
  File "C:\Users\mhoss\AppData\Local\Programs\Python\Python313\Lib\site-packages\django\db\backends\sqlite3\base.py", line 360, in execute
    return super().execute(query, params)
           ~~~~~~~~~~~~~~~^^^^^^^^^^^^^^^
sqlite3.OperationalError: no such table: login_location

The above exception was the direct cause of the following exception:

Traceback (most recent call last):
  File "C:\Users\mhoss\AppData\Local\Programs\Python\Python313\Lib\site-packages\django\core\handlers\exception.py", line 55, in inner
    response = get_response(request)
  File "C:\Users\mhoss\AppData\Local\Programs\Python\Python313\Lib\site-packages\django\core\handlers\base.py", line 197, in _get_response
    response = wrapped_callback(request, *callback_args, **callback_kwargs)
  File "C:\Users\mhoss\OneDrive\Desktop\uninav\project\login\views.py", line 621, in campus_map
    for loc in locations:
               ^^^^^^^^^
  File "C:\Users\mhoss\AppData\Local\Programs\Python\Python313\Lib\site-packages\django\db\models\query.py", line 384, in __iter__
    self._fetch_all()
    ~~~~~~~~~~~~~~~^^
  File "C:\Users\mhoss\AppData\Local\Programs\Python\Python313\Lib\site-packages\django\db\models\query.py", line 1935, in _fetch_all
    self._result_cache = list(self._iterable_class(self))
                         ~~~~^^^^^^^^^^^^^^^^^^^^^^^^^^^^
  File "C:\Users\mhoss\AppData\Local\Programs\Python\Python313\Lib\site-packages\django\db\models\query.py", line 216, in __iter__
    for row in compiler.results_iter(
               ~~~~~~~~~~~~~~~~~~~~~^
        chunked_fetch=self.chunked_fetch, chunk_size=self.chunk_size
        ^^^^^^^^^^^^^^^^^^^^^^^^^^^^^^^^^^^^^^^^^^^^^^^^^^^^^^^^^^^^
    ):
    ^
  File "C:\Users\mhoss\AppData\Local\Programs\Python\Python313\Lib\site-packages\django\db\models\sql\compiler.py", line 1571, in results_iter
    results = self.execute_sql(
        MULTI, chunked_fetch=chunked_fetch, chunk_size=chunk_size
    )
  File "C:\Users\mhoss\AppData\Local\Programs\Python\Python313\Lib\site-packages\django\db\models\sql\compiler.py", line 1622, in execute_sql
    cursor.execute(sql, params)
    ~~~~~~~~~~~~~~^^^^^^^^^^^^^
  File "C:\Users\mhoss\AppData\Local\Programs\Python\Python313\Lib\site-packages\django\db\backends\utils.py", line 122, in execute
    return super().execute(sql, params)
           ~~~~~~~~~~~~~~~^^^^^^^^^^^^^
  File "C:\Users\mhoss\AppData\Local\Programs\Python\Python313\Lib\site-packages\django\db\backends\utils.py", line 79, in execute
    return self._execute_with_wrappers(
           ~~~~~~~~~~~~~~~~~~~~~~~~~~~^
        sql, params, many=False, executor=self._execute
        ^^^^^^^^^^^^^^^^^^^^^^^^^^^^^^^^^^^^^^^^^^^^^^^
    )
    ^
  File "C:\Users\mhoss\AppData\Local\Programs\Python\Python313\Lib\site-packages\django\db\backends\utils.py", line 92, in _execute_with_wrappers
    return executor(sql, params, many, context)
  File "C:\Users\mhoss\AppData\Local\Programs\Python\Python313\Lib\site-packages\django\db\backends\utils.py", line 100, in _execute
    with self.db.wrap_database_errors:
         ^^^^^^^^^^^^^^^^^^^^^^^^^^^^
  File "C:\Users\mhoss\AppData\Local\Programs\Python\Python313\Lib\site-packages\django\db\utils.py", line 91, in __exit__
    raise dj_exc_value.with_traceback(traceback) from exc_value
  File "C:\Users\mhoss\AppData\Local\Programs\Python\Python313\Lib\site-packages\django\db\backends\utils.py", line 105, in _execute
    return self.cursor.execute(sql, params)
           ~~~~~~~~~~~~~~~~~~~^^^^^^^^^^^^^
  File "C:\Users\mhoss\AppData\Local\Programs\Python\Python313\Lib\site-packages\django\db\backends\sqlite3\base.py", line 360, in execute
    return super().execute(query, params)
           ~~~~~~~~~~~~~~~^^^^^^^^^^^^^^^
django.db.utils.OperationalError: no such table: login_location
"GET /campus-map/ HTTP/1.1" 500 138186
Internal Server Error: /campus-map/
Traceback (most recent call last):
  File "C:\Users\mhoss\AppData\Local\Programs\Python\Python313\Lib\site-packages\django\db\backends\utils.py", line 105, in _execute
    return self.cursor.execute(sql, params)
           ~~~~~~~~~~~~~~~~~~~^^^^^^^^^^^^^
  File "C:\Users\mhoss\AppData\Local\Programs\Python\Python313\Lib\site-packages\django\db\backends\sqlite3\base.py", line 360, in execute
    return super().execute(query, params)
           ~~~~~~~~~~~~~~~^^^^^^^^^^^^^^^
sqlite3.OperationalError: no such table: login_location

The above exception was the direct cause of the following exception:

Traceback (most recent call last):
  File "C:\Users\mhoss\AppData\Local\Programs\Python\Python313\Lib\site-packages\django\core\handlers\exception.py", line 55, in inner
    response = get_response(request)
  File "C:\Users\mhoss\AppData\Local\Programs\Python\Python313\Lib\site-packages\django\core\handlers\base.py", line 197, in _get_response
    response = wrapped_callback(request, *callback_args, **callback_kwargs)
  File "C:\Users\mhoss\OneDrive\Desktop\uninav\project\login\views.py", line 621, in campus_map
    for loc in locations:
               ^^^^^^^^^
  File "C:\Users\mhoss\AppData\Local\Programs\Python\Python313\Lib\site-packages\django\db\models\query.py", line 384, in __iter__
    self._fetch_all()
    ~~~~~~~~~~~~~~~^^
  File "C:\Users\mhoss\AppData\Local\Programs\Python\Python313\Lib\site-packages\django\db\models\query.py", line 1935, in _fetch_all
    self._result_cache = list(self._iterable_class(self))
                         ~~~~^^^^^^^^^^^^^^^^^^^^^^^^^^^^
  File "C:\Users\mhoss\AppData\Local\Programs\Python\Python313\Lib\site-packages\django\db\models\query.py", line 216, in __iter__
    for row in compiler.results_iter(
               ~~~~~~~~~~~~~~~~~~~~~^
        chunked_fetch=self.chunked_fetch, chunk_size=self.chunk_size
        ^^^^^^^^^^^^^^^^^^^^^^^^^^^^^^^^^^^^^^^^^^^^^^^^^^^^^^^^^^^^
    ):
    ^
  File "C:\Users\mhoss\AppData\Local\Programs\Python\Python313\Lib\site-packages\django\db\models\sql\compiler.py", line 1571, in results_iter
    results = self.execute_sql(
        MULTI, chunked_fetch=chunked_fetch, chunk_size=chunk_size
    )
  File "C:\Users\mhoss\AppData\Local\Programs\Python\Python313\Lib\site-packages\django\db\models\sql\compiler.py", line 1622, in execute_sql
    cursor.execute(sql, params)
    ~~~~~~~~~~~~~~^^^^^^^^^^^^^
  File "C:\Users\mhoss\AppData\Local\Programs\Python\Python313\Lib\site-packages\django\db\backends\utils.py", line 122, in execute
    return super().execute(sql, params)
           ~~~~~~~~~~~~~~~^^^^^^^^^^^^^
  File "C:\Users\mhoss\AppData\Local\Programs\Python\Python313\Lib\site-packages\django\db\backends\utils.py", line 79, in execute
    return self._execute_with_wrappers(
           ~~~~~~~~~~~~~~~~~~~~~~~~~~~^
        sql, params, many=False, executor=self._execute
        ^^^^^^^^^^^^^^^^^^^^^^^^^^^^^^^^^^^^^^^^^^^^^^^
    )
    ^
  File "C:\Users\mhoss\AppData\Local\Programs\Python\Python313\Lib\site-packages\django\db\backends\utils.py", line 92, in _execute_with_wrappers
    return executor(sql, params, many, context)
  File "C:\Users\mhoss\AppData\Local\Programs\Python\Python313\Lib\site-packages\django\db\backends\utils.py", line 100, in _execute
    with self.db.wrap_database_errors:
         ^^^^^^^^^^^^^^^^^^^^^^^^^^^^
  File "C:\Users\mhoss\AppData\Local\Programs\Python\Python313\Lib\site-packages\django\db\utils.py", line 91, in __exit__
    raise dj_exc_value.with_traceback(traceback) from exc_value
  File "C:\Users\mhoss\AppData\Local\Programs\Python\Python313\Lib\site-packages\django\db\backends\utils.py", line 105, in _execute
    return self.cursor.execute(sql, params)
           ~~~~~~~~~~~~~~~~~~~^^^^^^^^^^^^^
  File "C:\Users\mhoss\AppData\Local\Programs\Python\Python313\Lib\site-packages\django\db\backends\sqlite3\base.py", line 360, in execute
    return super().execute(query, params)
           ~~~~~~~~~~~~~~~^^^^^^^^^^^^^^^
django.db.utils.OperationalError: no such table: login_location
"GET /campus-map/ HTTP/1.1" 500 138186
Watching for file changes with StatReloader
"GET / HTTP/1.1" 302 0
"GET /login/ HTTP/1.1" 200 11534
"POST /login/ HTTP/1.1" 302 0
"GET /dashboard/ HTTP/1.1" 200 20996
"GET /campus-map/ HTTP/1.1" 200 8605
"GET /static/login/js/campusmap.js HTTP/1.1" 200 5516
"GET /static/login/image/1st-floor.png HTTP/1.1" 200 6440450
"GET /campus-map/ HTTP/1.1" 200 8605
"GET /static/login/js/campusmap.js HTTP/1.1" 200 5520
"GET /campus-map/ HTTP/1.1" 200 8605
"GET /static/login/js/campusmap.js HTTP/1.1" 200 5520
"GET /chat/ HTTP/1.1" 200 20833
"GET /static/login/css/style.css HTTP/1.1" 304 0
"GET /campus-map/ HTTP/1.1" 200 8605
"GET /static/login/js/campusmap.js HTTP/1.1" 200 5520
"GET /campus-map/ HTTP/1.1" 200 9287
"GET /campus-map/ HTTP/1.1" 200 8605
"GET /static/login/js/campusmap.js HTTP/1.1" 200 5520
"GET /dashboard/ HTTP/1.1" 302 0
"GET /login/ HTTP/1.1" 200 11177
C:\Users\mhoss\OneDrive\Desktop\uninav\project\login\models.py changed, reloading.
Watching for file changes with StatReloader
Watching for file changes with StatReloader
"GET / HTTP/1.1" 302 0
"GET /login/ HTTP/1.1" 200 11177
"POST /login/ HTTP/1.1" 302 0
"GET /dashboard/ HTTP/1.1" 200 20996
"GET /static/login/js/isotope.min.js HTTP/1.1" 304 0
"GET /static/login/js/owl-carousel.js HTTP/1.1" 304 0
"GET /static/login/js/custom.js HTTP/1.1" 304 0
"GET /static/login/js/counter.js HTTP/1.1" 304 0
Internal Server Error: /campus-map/
Traceback (most recent call last):
  File "C:\Users\mhoss\AppData\Local\Programs\Python\Python313\Lib\site-packages\django\core\handlers\exception.py", line 55, in inner
    response = get_response(request)
  File "C:\Users\mhoss\AppData\Local\Programs\Python\Python313\Lib\site-packages\django\core\handlers\base.py", line 197, in _get_response
    response = wrapped_callback(request, *callback_args, **callback_kwargs)
  File "C:\Users\mhoss\OneDrive\Desktop\uninav\project\login\views.py", line 634, in campus_map
    return render(request, "login/campusmap.html", {
        'markers_by_floor': markers_by_floor
    })
  File "C:\Users\mhoss\AppData\Local\Programs\Python\Python313\Lib\site-packages\django\shortcuts.py", line 25, in render
    content = loader.render_to_string(template_name, context, request, using=using)
  File "C:\Users\mhoss\AppData\Local\Programs\Python\Python313\Lib\site-packages\django\template\loader.py", line 62, in render_to_string
    return template.render(context, request)
           ~~~~~~~~~~~~~~~^^^^^^^^^^^^^^^^^^
  File "C:\Users\mhoss\AppData\Local\Programs\Python\Python313\Lib\site-packages\django\template\backends\django.py", line 107, in render
    return self.template.render(context)
           ~~~~~~~~~~~~~~~~~~~~^^^^^^^^^
  File "C:\Users\mhoss\AppData\Local\Programs\Python\Python313\Lib\site-packages\django\template\base.py", line 171, in render
    return self._render(context)
           ~~~~~~~~~~~~^^^^^^^^^
  File "C:\Users\mhoss\AppData\Local\Programs\Python\Python313\Lib\site-packages\django\template\base.py", line 163, in _render
    return self.nodelist.render(context)
           ~~~~~~~~~~~~~~~~~~~~^^^^^^^^^
  File "C:\Users\mhoss\AppData\Local\Programs\Python\Python313\Lib\site-packages\django\template\base.py", line 1016, in render
    return SafeString("".join([node.render_annotated(context) for node in self]))
                               ~~~~~~~~~~~~~~~~~~~~~^^^^^^^^^
  File "C:\Users\mhoss\AppData\Local\Programs\Python\Python313\Lib\site-packages\django\template\base.py", line 977, in render_annotated
    return self.render(context)
           ~~~~~~~~~~~^^^^^^^^^
  File "C:\Users\mhoss\AppData\Local\Programs\Python\Python313\Lib\site-packages\django\template\loader_tags.py", line 159, in render
    return compiled_parent._render(context)
           ~~~~~~~~~~~~~~~~~~~~~~~^^^^^^^^^
  File "C:\Users\mhoss\AppData\Local\Programs\Python\Python313\Lib\site-packages\django\template\base.py", line 163, in _render
    return self.nodelist.render(context)
           ~~~~~~~~~~~~~~~~~~~~^^^^^^^^^
  File "C:\Users\mhoss\AppData\Local\Programs\Python\Python313\Lib\site-packages\django\template\base.py", line 1016, in render
    return SafeString("".join([node.render_annotated(context) for node in self]))
                               ~~~~~~~~~~~~~~~~~~~~~^^^^^^^^^
  File "C:\Users\mhoss\AppData\Local\Programs\Python\Python313\Lib\site-packages\django\template\base.py", line 977, in render_annotated
    return self.render(context)
           ~~~~~~~~~~~^^^^^^^^^
  File "C:\Users\mhoss\AppData\Local\Programs\Python\Python313\Lib\site-packages\django\template\loader_tags.py", line 65, in render
    result = block.nodelist.render(context)
  File "C:\Users\mhoss\AppData\Local\Programs\Python\Python313\Lib\site-packages\django\template\base.py", line 1016, in render
    return SafeString("".join([node.render_annotated(context) for node in self]))
                               ~~~~~~~~~~~~~~~~~~~~~^^^^^^^^^
  File "C:\Users\mhoss\AppData\Local\Programs\Python\Python313\Lib\site-packages\django\template\base.py", line 977, in render_annotated
    return self.render(context)
           ~~~~~~~~~~~^^^^^^^^^
  File "C:\Users\mhoss\AppData\Local\Programs\Python\Python313\Lib\site-packages\django\template\defaulttags.py", line 480, in render
    url = reverse(view_name, args=args, kwargs=kwargs, current_app=current_app)
  File "C:\Users\mhoss\AppData\Local\Programs\Python\Python313\Lib\site-packages\django\urls\base.py", line 98, in reverse
    resolved_url = resolver._reverse_with_prefix(view, prefix, *args, **kwargs)
  File "C:\Users\mhoss\AppData\Local\Programs\Python\Python313\Lib\site-packages\django\urls\resolvers.py", line 831, in _reverse_with_prefix
    raise NoReverseMatch(msg)
django.urls.exceptions.NoReverseMatch: Reverse for 'add_lost_and_found' not found. 'add_lost_and_found' is not a valid view function or pattern name.
"GET /campus-map/ HTTP/1.1" 500 158972
"GET /campus-map/ HTTP/1.1" 200 11845
"GET /static/login/js/campusmap.js HTTP/1.1" 200 10314
"GET /static/login/image/1st-floor.png HTTP/1.1" 304 0
"GET /shop/ HTTP/1.1" 200 12121
"GET /cart/ HTTP/1.1" 200 8403
"GET /dashboard/ HTTP/1.1" 200 20594
"GET /chat/ HTTP/1.1" 200 20833
"GET /shop/ HTTP/1.1" 200 12121
"GET /campus-map/ HTTP/1.1" 200 11845
"GET /static/login/js/campusmap.js HTTP/1.1" 304 0
"GET /dashboard/ HTTP/1.1" 200 20594
"GET /cart/ HTTP/1.1" 200 8403
"GET /shop/ HTTP/1.1" 200 12121
"GET /campus-map/ HTTP/1.1" 200 11845
Watching for file changes with StatReloader
"GET / HTTP/1.1" 302 0
"GET /login/ HTTP/1.1" 200 11177
"GET /static/login/css/style.css HTTP/1.1" 304 0
Not Found: /favicon.ico
"GET /favicon.ico HTTP/1.1" 404 9517
"POST /login/ HTTP/1.1" 302 0
"GET /dashboard/ HTTP/1.1" 200 20996
"GET /static/login/js/isotope.min.js HTTP/1.1" 304 0
"GET /static/login/js/owl-carousel.js HTTP/1.1" 304 0
"GET /static/login/js/counter.js HTTP/1.1" 304 0
"GET /static/login/js/custom.js HTTP/1.1" 304 0
"GET /campus-map/ HTTP/1.1" 200 11845
"GET /static/login/js/campusmap.js HTTP/1.1" 304 0
"GET /static/login/image/1st-floor.png HTTP/1.1" 304 0
"GET /dashboard/ HTTP/1.1" 200 20594
"GET /campus-map/ HTTP/1.1" 200 11845
"GET /chat/ HTTP/1.1" 200 20833
"GET /dashboard/ HTTP/1.1" 200 20594
"GET /campus-map/ HTTP/1.1" 200 11845
Internal Server Error: /campus-map/
Traceback (most recent call last):
  File "C:\Users\mhoss\AppData\Local\Programs\Python\Python313\Lib\site-packages\django\template\base.py", line 510, in parse
    compile_func = self.tags[command]
                   ~~~~~~~~~^^^^^^^^^
KeyError: 'static'

During handling of the above exception, another exception occurred:

Traceback (most recent call last):
  File "C:\Users\mhoss\AppData\Local\Programs\Python\Python313\Lib\site-packages\django\core\handlers\exception.py", line 55, in inner
    response = get_response(request)
  File "C:\Users\mhoss\AppData\Local\Programs\Python\Python313\Lib\site-packages\django\core\handlers\base.py", line 197, in _get_response
    response = wrapped_callback(request, *callback_args, **callback_kwargs)
  File "C:\Users\mhoss\OneDrive\Desktop\uninav\project\login\views.py", line 634, in campus_map
    return render(request, "login/campusmap.html", {
        'markers_by_floor': markers_by_floor
    })
  File "C:\Users\mhoss\AppData\Local\Programs\Python\Python313\Lib\site-packages\django\shortcuts.py", line 25, in render
    content = loader.render_to_string(template_name, context, request, using=using)
  File "C:\Users\mhoss\AppData\Local\Programs\Python\Python313\Lib\site-packages\django\template\loader.py", line 62, in render_to_string
    return template.render(context, request)
           ~~~~~~~~~~~~~~~^^^^^^^^^^^^^^^^^^
  File "C:\Users\mhoss\AppData\Local\Programs\Python\Python313\Lib\site-packages\django\template\backends\django.py", line 107, in render
    return self.template.render(context)
           ~~~~~~~~~~~~~~~~~~~~^^^^^^^^^
  File "C:\Users\mhoss\AppData\Local\Programs\Python\Python313\Lib\site-packages\django\template\base.py", line 171, in render
    return self._render(context)
           ~~~~~~~~~~~~^^^^^^^^^
  File "C:\Users\mhoss\AppData\Local\Programs\Python\Python313\Lib\site-packages\django\template\base.py", line 163, in _render
    return self.nodelist.render(context)
           ~~~~~~~~~~~~~~~~~~~~^^^^^^^^^
  File "C:\Users\mhoss\AppData\Local\Programs\Python\Python313\Lib\site-packages\django\template\base.py", line 1016, in render
    return SafeString("".join([node.render_annotated(context) for node in self]))
                               ~~~~~~~~~~~~~~~~~~~~~^^^^^^^^^
  File "C:\Users\mhoss\AppData\Local\Programs\Python\Python313\Lib\site-packages\django\template\base.py", line 977, in render_annotated
    return self.render(context)
           ~~~~~~~~~~~^^^^^^^^^
  File "C:\Users\mhoss\AppData\Local\Programs\Python\Python313\Lib\site-packages\django\template\loader_tags.py", line 134, in render
    compiled_parent = self.get_parent(context)
  File "C:\Users\mhoss\AppData\Local\Programs\Python\Python313\Lib\site-packages\django\template\loader_tags.py", line 131, in get_parent
    return self.find_template(parent, context)
           ~~~~~~~~~~~~~~~~~~^^^^^^^^^^^^^^^^^
  File "C:\Users\mhoss\AppData\Local\Programs\Python\Python313\Lib\site-packages\django\template\loader_tags.py", line 109, in find_template
    template, origin = context.template.engine.find_template(
                       ~~~~~~~~~~~~~~~~~~~~~~~~~~~~~~~~~~~~~^
        template_name,
        ^^^^^^^^^^^^^^
        skip=history,
        ^^^^^^^^^^^^^
    )
    ^
  File "C:\Users\mhoss\AppData\Local\Programs\Python\Python313\Lib\site-packages\django\template\engine.py", line 159, in find_template
    template = loader.get_template(name, skip=skip)
  File "C:\Users\mhoss\AppData\Local\Programs\Python\Python313\Lib\site-packages\django\template\loaders\cached.py", line 57, in get_template
    template = super().get_template(template_name, skip)
  File "C:\Users\mhoss\AppData\Local\Programs\Python\Python313\Lib\site-packages\django\template\loaders\base.py", line 28, in get_template
    return Template(
        contents,
    ...<2 lines>...
        self.engine,
    )
  File "C:\Users\mhoss\AppData\Local\Programs\Python\Python313\Lib\site-packages\django\template\base.py", line 154, in __init__
    self.nodelist = self.compile_nodelist()
                    ~~~~~~~~~~~~~~~~~~~~~^^
  File "C:\Users\mhoss\AppData\Local\Programs\Python\Python313\Lib\site-packages\django\template\base.py", line 196, in compile_nodelist
    nodelist = parser.parse()
  File "C:\Users\mhoss\AppData\Local\Programs\Python\Python313\Lib\site-packages\django\template\base.py", line 512, in parse
    self.invalid_block_tag(token, command, parse_until)
    ~~~~~~~~~~~~~~~~~~~~~~^^^^^^^^^^^^^^^^^^^^^^^^^^^^^
  File "C:\Users\mhoss\AppData\Local\Programs\Python\Python313\Lib\site-packages\django\template\base.py", line 577, in invalid_block_tag
    raise self.error(
    ...<3 lines>...
    )
django.template.exceptions.TemplateSyntaxError: Invalid block tag on line 12: 'static'. Did you forget to register or load this tag?
"GET /campus-map/ HTTP/1.1" 500 187652
Internal Server Error: /campus-map/
Traceback (most recent call last):
  File "C:\Users\mhoss\AppData\Local\Programs\Python\Python313\Lib\site-packages\django\template\base.py", line 510, in parse
    compile_func = self.tags[command]
                   ~~~~~~~~~^^^^^^^^^
KeyError: 'static'

During handling of the above exception, another exception occurred:

Traceback (most recent call last):
  File "C:\Users\mhoss\AppData\Local\Programs\Python\Python313\Lib\site-packages\django\core\handlers\exception.py", line 55, in inner
    response = get_response(request)
  File "C:\Users\mhoss\AppData\Local\Programs\Python\Python313\Lib\site-packages\django\core\handlers\base.py", line 197, in _get_response
    response = wrapped_callback(request, *callback_args, **callback_kwargs)
  File "C:\Users\mhoss\OneDrive\Desktop\uninav\project\login\views.py", line 634, in campus_map
    return render(request, "login/campusmap.html", {
        'markers_by_floor': markers_by_floor
    })
  File "C:\Users\mhoss\AppData\Local\Programs\Python\Python313\Lib\site-packages\django\shortcuts.py", line 25, in render
    content = loader.render_to_string(template_name, context, request, using=using)
  File "C:\Users\mhoss\AppData\Local\Programs\Python\Python313\Lib\site-packages\django\template\loader.py", line 62, in render_to_string
    return template.render(context, request)
           ~~~~~~~~~~~~~~~^^^^^^^^^^^^^^^^^^
  File "C:\Users\mhoss\AppData\Local\Programs\Python\Python313\Lib\site-packages\django\template\backends\django.py", line 107, in render
    return self.template.render(context)
           ~~~~~~~~~~~~~~~~~~~~^^^^^^^^^
  File "C:\Users\mhoss\AppData\Local\Programs\Python\Python313\Lib\site-packages\django\template\base.py", line 171, in render
    return self._render(context)
           ~~~~~~~~~~~~^^^^^^^^^
  File "C:\Users\mhoss\AppData\Local\Programs\Python\Python313\Lib\site-packages\django\template\base.py", line 163, in _render
    return self.nodelist.render(context)
           ~~~~~~~~~~~~~~~~~~~~^^^^^^^^^
  File "C:\Users\mhoss\AppData\Local\Programs\Python\Python313\Lib\site-packages\django\template\base.py", line 1016, in render
    return SafeString("".join([node.render_annotated(context) for node in self]))
                               ~~~~~~~~~~~~~~~~~~~~~^^^^^^^^^
  File "C:\Users\mhoss\AppData\Local\Programs\Python\Python313\Lib\site-packages\django\template\base.py", line 977, in render_annotated
    return self.render(context)
           ~~~~~~~~~~~^^^^^^^^^
  File "C:\Users\mhoss\AppData\Local\Programs\Python\Python313\Lib\site-packages\django\template\loader_tags.py", line 134, in render
    compiled_parent = self.get_parent(context)
  File "C:\Users\mhoss\AppData\Local\Programs\Python\Python313\Lib\site-packages\django\template\loader_tags.py", line 131, in get_parent
    return self.find_template(parent, context)
           ~~~~~~~~~~~~~~~~~~^^^^^^^^^^^^^^^^^
  File "C:\Users\mhoss\AppData\Local\Programs\Python\Python313\Lib\site-packages\django\template\loader_tags.py", line 109, in find_template
    template, origin = context.template.engine.find_template(
                       ~~~~~~~~~~~~~~~~~~~~~~~~~~~~~~~~~~~~~^
        template_name,
        ^^^^^^^^^^^^^^
        skip=history,
        ^^^^^^^^^^^^^
    )
    ^
  File "C:\Users\mhoss\AppData\Local\Programs\Python\Python313\Lib\site-packages\django\template\engine.py", line 159, in find_template
    template = loader.get_template(name, skip=skip)
  File "C:\Users\mhoss\AppData\Local\Programs\Python\Python313\Lib\site-packages\django\template\loaders\cached.py", line 57, in get_template
    template = super().get_template(template_name, skip)
  File "C:\Users\mhoss\AppData\Local\Programs\Python\Python313\Lib\site-packages\django\template\loaders\base.py", line 28, in get_template
    return Template(
        contents,
    ...<2 lines>...
        self.engine,
    )
  File "C:\Users\mhoss\AppData\Local\Programs\Python\Python313\Lib\site-packages\django\template\base.py", line 154, in __init__
    self.nodelist = self.compile_nodelist()
                    ~~~~~~~~~~~~~~~~~~~~~^^
  File "C:\Users\mhoss\AppData\Local\Programs\Python\Python313\Lib\site-packages\django\template\base.py", line 196, in compile_nodelist
    nodelist = parser.parse()
  File "C:\Users\mhoss\AppData\Local\Programs\Python\Python313\Lib\site-packages\django\template\base.py", line 512, in parse
    self.invalid_block_tag(token, command, parse_until)
    ~~~~~~~~~~~~~~~~~~~~~~^^^^^^^^^^^^^^^^^^^^^^^^^^^^^
  File "C:\Users\mhoss\AppData\Local\Programs\Python\Python313\Lib\site-packages\django\template\base.py", line 577, in invalid_block_tag
    raise self.error(
    ...<3 lines>...
    )
django.template.exceptions.TemplateSyntaxError: Invalid block tag on line 84: 'static'. Did you forget to register or load this tag?
"GET /campus-map/ HTTP/1.1" 500 177512
"GET /campus-map/ HTTP/1.1" 200 7924
"GET /dashboard/ HTTP/1.1" 200 16673
"GET /campus-map/ HTTP/1.1" 200 7924
Internal Server Error: /lost-and-found/
Traceback (most recent call last):
  File "C:\Users\mhoss\AppData\Local\Programs\Python\Python313\Lib\site-packages\django\core\handlers\exception.py", line 55, in inner
    response = get_response(request)
  File "C:\Users\mhoss\AppData\Local\Programs\Python\Python313\Lib\site-packages\django\core\handlers\base.py", line 197, in _get_response
    response = wrapped_callback(request, *callback_args, **callback_kwargs)
  File "C:\Users\mhoss\OneDrive\Desktop\uninav\project\login\views.py", line 673, in lost_and_found
    return render(request, "login/lostandfound.html", {
        'items': items,
    ...<3 lines>...
        'user_type': user_type
    })
  File "C:\Users\mhoss\AppData\Local\Programs\Python\Python313\Lib\site-packages\django\shortcuts.py", line 25, in render
    content = loader.render_to_string(template_name, context, request, using=using)
  File "C:\Users\mhoss\AppData\Local\Programs\Python\Python313\Lib\site-packages\django\template\loader.py", line 61, in render_to_string
    template = get_template(template_name, using=using)
  File "C:\Users\mhoss\AppData\Local\Programs\Python\Python313\Lib\site-packages\django\template\loader.py", line 19, in get_template
    raise TemplateDoesNotExist(template_name, chain=chain)
django.template.exceptions.TemplateDoesNotExist: login/lostandfound.html
"GET /lost-and-found/ HTTP/1.1" 500 86779
"GET /lost-and-found-map/ HTTP/1.1" 200 8462
"GET /static/login/js/lost_and_found.js HTTP/1.1" 200 6242
"GET /lost-and-found/?format=json&floor=1 HTTP/1.1" 200 2
"GET /lost-and-found-map/ HTTP/1.1" 200 8462
"GET /lost-and-found/?format=json&floor=1 HTTP/1.1" 200 2
"GET /campus-map/ HTTP/1.1" 200 7924
Internal Server Error: /lost-and-found/
Traceback (most recent call last):
  File "C:\Users\mhoss\AppData\Local\Programs\Python\Python313\Lib\site-packages\django\core\handlers\exception.py", line 55, in inner
    response = get_response(request)
  File "C:\Users\mhoss\AppData\Local\Programs\Python\Python313\Lib\site-packages\django\core\handlers\base.py", line 197, in _get_response
    response = wrapped_callback(request, *callback_args, **callback_kwargs)
  File "C:\Users\mhoss\OneDrive\Desktop\uninav\project\login\views.py", line 673, in lost_and_found
    return render(request, "login/lostandfound.html", {
        'items': items,
    ...<3 lines>...
        'user_type': user_type
    })
  File "C:\Users\mhoss\AppData\Local\Programs\Python\Python313\Lib\site-packages\django\shortcuts.py", line 25, in render
    content = loader.render_to_string(template_name, context, request, using=using)
  File "C:\Users\mhoss\AppData\Local\Programs\Python\Python313\Lib\site-packages\django\template\loader.py", line 61, in render_to_string
    template = get_template(template_name, using=using)
  File "C:\Users\mhoss\AppData\Local\Programs\Python\Python313\Lib\site-packages\django\template\loader.py", line 19, in get_template
    raise TemplateDoesNotExist(template_name, chain=chain)
django.template.exceptions.TemplateDoesNotExist: login/lostandfound.html
"GET /lost-and-found/ HTTP/1.1" 500 86779
C:\Users\mhoss\OneDrive\Desktop\uninav\project\login\views.py changed, reloading.
Watching for file changes with StatReloader
Internal Server Error: /lost-and-found/
Traceback (most recent call last):
  File "C:\Users\mhoss\AppData\Local\Programs\Python\Python313\Lib\site-packages\django\core\handlers\exception.py", line 55, in inner
    response = get_response(request)
  File "C:\Users\mhoss\AppData\Local\Programs\Python\Python313\Lib\site-packages\django\core\handlers\base.py", line 197, in _get_response
    response = wrapped_callback(request, *callback_args, **callback_kwargs)
  File "C:\Users\mhoss\OneDrive\Desktop\uninav\project\login\views.py", line 673, in lost_and_found
    return render(request, "login/lost.html", {
        'items': items,
    ...<3 lines>...
        'user_type': user_type
    })
  File "C:\Users\mhoss\AppData\Local\Programs\Python\Python313\Lib\site-packages\django\shortcuts.py", line 25, in render
    content = loader.render_to_string(template_name, context, request, using=using)
  File "C:\Users\mhoss\AppData\Local\Programs\Python\Python313\Lib\site-packages\django\template\loader.py", line 61, in render_to_string
    template = get_template(template_name, using=using)
  File "C:\Users\mhoss\AppData\Local\Programs\Python\Python313\Lib\site-packages\django\template\loader.py", line 19, in get_template
    raise TemplateDoesNotExist(template_name, chain=chain)
django.template.exceptions.TemplateDoesNotExist: login/lost.html
"GET /lost-and-found/ HTTP/1.1" 500 86772
Internal Server Error: /lost-and-found/
Traceback (most recent call last):
  File "C:\Users\mhoss\AppData\Local\Programs\Python\Python313\Lib\site-packages\django\core\handlers\exception.py", line 55, in inner
    response = get_response(request)
  File "C:\Users\mhoss\AppData\Local\Programs\Python\Python313\Lib\site-packages\django\core\handlers\base.py", line 197, in _get_response
    response = wrapped_callback(request, *callback_args, **callback_kwargs)
  File "C:\Users\mhoss\OneDrive\Desktop\uninav\project\login\views.py", line 673, in lost_and_found
    return render(request, "login/lost.html", {
        'items': items,
    ...<3 lines>...
        'user_type': user_type
    })
  File "C:\Users\mhoss\AppData\Local\Programs\Python\Python313\Lib\site-packages\django\shortcuts.py", line 25, in render
    content = loader.render_to_string(template_name, context, request, using=using)
  File "C:\Users\mhoss\AppData\Local\Programs\Python\Python313\Lib\site-packages\django\template\loader.py", line 61, in render_to_string
    template = get_template(template_name, using=using)
  File "C:\Users\mhoss\AppData\Local\Programs\Python\Python313\Lib\site-packages\django\template\loader.py", line 19, in get_template
    raise TemplateDoesNotExist(template_name, chain=chain)
django.template.exceptions.TemplateDoesNotExist: login/lost.html
"GET /lost-and-found/ HTTP/1.1" 500 86772
Internal Server Error: /lost-and-found/
Traceback (most recent call last):
  File "C:\Users\mhoss\AppData\Local\Programs\Python\Python313\Lib\site-packages\django\core\handlers\exception.py", line 55, in inner
    response = get_response(request)
  File "C:\Users\mhoss\AppData\Local\Programs\Python\Python313\Lib\site-packages\django\core\handlers\base.py", line 197, in _get_response
    response = wrapped_callback(request, *callback_args, **callback_kwargs)
  File "C:\Users\mhoss\OneDrive\Desktop\uninav\project\login\views.py", line 673, in lost_and_found
    return render(request, "login/lost.html", {
        'items': items,
    ...<3 lines>...
        'user_type': user_type
    })
  File "C:\Users\mhoss\AppData\Local\Programs\Python\Python313\Lib\site-packages\django\shortcuts.py", line 25, in render
    content = loader.render_to_string(template_name, context, request, using=using)
  File "C:\Users\mhoss\AppData\Local\Programs\Python\Python313\Lib\site-packages\django\template\loader.py", line 61, in render_to_string
    template = get_template(template_name, using=using)
  File "C:\Users\mhoss\AppData\Local\Programs\Python\Python313\Lib\site-packages\django\template\loader.py", line 19, in get_template
    raise TemplateDoesNotExist(template_name, chain=chain)
django.template.exceptions.TemplateDoesNotExist: login/lost.html
"GET /lost-and-found/ HTTP/1.1" 500 86772
Internal Server Error: /lost-and-found/
Traceback (most recent call last):
  File "C:\Users\mhoss\AppData\Local\Programs\Python\Python313\Lib\site-packages\django\core\handlers\exception.py", line 55, in inner
    response = get_response(request)
  File "C:\Users\mhoss\AppData\Local\Programs\Python\Python313\Lib\site-packages\django\core\handlers\base.py", line 197, in _get_response
    response = wrapped_callback(request, *callback_args, **callback_kwargs)
  File "C:\Users\mhoss\OneDrive\Desktop\uninav\project\login\views.py", line 673, in lost_and_found
    return render(request, "login/lost.html", {
        'items': items,
    ...<3 lines>...
        'user_type': user_type
    })
  File "C:\Users\mhoss\AppData\Local\Programs\Python\Python313\Lib\site-packages\django\shortcuts.py", line 25, in render
    content = loader.render_to_string(template_name, context, request, using=using)
  File "C:\Users\mhoss\AppData\Local\Programs\Python\Python313\Lib\site-packages\django\template\loader.py", line 61, in render_to_string
    template = get_template(template_name, using=using)
  File "C:\Users\mhoss\AppData\Local\Programs\Python\Python313\Lib\site-packages\django\template\loader.py", line 19, in get_template
    raise TemplateDoesNotExist(template_name, chain=chain)
django.template.exceptions.TemplateDoesNotExist: login/lost.html
"GET /lost-and-found/ HTTP/1.1" 500 86772
C:\Users\mhoss\OneDrive\Desktop\uninav\project\login\views.py changed, reloading.
Watching for file changes with StatReloader
"GET /lost-and-found/ HTTP/1.1" 200 4037
"GET /dashboard/ HTTP/1.1" 200 16673
"GET /dashboard/ HTTP/1.1" 200 16673
"GET /campus-map/ HTTP/1.1" 200 7924
"GET /chat/ HTTP/1.1" 200 16912
"GET /shop/ HTTP/1.1" 200 8200
"GET /cart/ HTTP/1.1" 200 4482
"GET /lost-and-found/ HTTP/1.1" 200 4037
"GET /campus-map/ HTTP/1.1" 200 7924
"GET /lost-and-found-map/ HTTP/1.1" 200 8462
"GET /static/login/js/lost_and_found.js HTTP/1.1" 304 0
"GET /lost-and-found/?format=json&floor=1 HTTP/1.1" 200 2
"GET /lost-and-found-map/?item_type=&category= HTTP/1.1" 200 8462
"GET /lost-and-found/?format=json&floor=1 HTTP/1.1" 200 2
"GET /lost-and-found-map/?item_type=&category= HTTP/1.1" 200 8462
"GET /lost-and-found/?format=json&floor=1 HTTP/1.1" 200 2
Internal Server Error: /add-lost-and-found/
Traceback (most recent call last):
  File "C:\Users\mhoss\AppData\Local\Programs\Python\Python313\Lib\site-packages\django\core\handlers\exception.py", line 55, in inner
    response = get_response(request)
  File "C:\Users\mhoss\AppData\Local\Programs\Python\Python313\Lib\site-packages\django\core\handlers\base.py", line 197, in _get_response
    response = wrapped_callback(request, *callback_args, **callback_kwargs)
  File "C:\Users\mhoss\OneDrive\Desktop\uninav\project\login\views.py", line 693, in add_lost_and_found
    latitude = float(request.POST['latitude'])
ValueError: could not convert string to float: ''
"POST /add-lost-and-found/ HTTP/1.1" 500 71931
"GET /lost-and-found-map/?item_type=&category= HTTP/1.1" 302 0
"GET /login/ HTTP/1.1" 200 7754
Watching for file changes with StatReloader
"GET / HTTP/1.1" 302 0
Internal Server Error: /login/
Traceback (most recent call last):
  File "C:\Users\mhoss\AppData\Local\Programs\Python\Python313\Lib\site-packages\django\template\base.py", line 510, in parse
    compile_func = self.tags[command]
                   ~~~~~~~~~^^^^^^^^^
KeyError: 'static'

During handling of the above exception, another exception occurred:

Traceback (most recent call last):
  File "C:\Users\mhoss\AppData\Local\Programs\Python\Python313\Lib\site-packages\django\core\handlers\exception.py", line 55, in inner
    response = get_response(request)
  File "C:\Users\mhoss\AppData\Local\Programs\Python\Python313\Lib\site-packages\django\core\handlers\base.py", line 197, in _get_response
    response = wrapped_callback(request, *callback_args, **callback_kwargs)
  File "C:\Users\mhoss\OneDrive\Desktop\uninav\project\login\views.py", line 96, in login_request
    return render(request, "login/login.html")
  File "C:\Users\mhoss\AppData\Local\Programs\Python\Python313\Lib\site-packages\django\shortcuts.py", line 25, in render
    content = loader.render_to_string(template_name, context, request, using=using)
  File "C:\Users\mhoss\AppData\Local\Programs\Python\Python313\Lib\site-packages\django\template\loader.py", line 62, in render_to_string
    return template.render(context, request)
           ~~~~~~~~~~~~~~~^^^^^^^^^^^^^^^^^^
  File "C:\Users\mhoss\AppData\Local\Programs\Python\Python313\Lib\site-packages\django\template\backends\django.py", line 107, in render
    return self.template.render(context)
           ~~~~~~~~~~~~~~~~~~~~^^^^^^^^^
  File "C:\Users\mhoss\AppData\Local\Programs\Python\Python313\Lib\site-packages\django\template\base.py", line 171, in render
    return self._render(context)
           ~~~~~~~~~~~~^^^^^^^^^
  File "C:\Users\mhoss\AppData\Local\Programs\Python\Python313\Lib\site-packages\django\template\base.py", line 163, in _render
    return self.nodelist.render(context)
           ~~~~~~~~~~~~~~~~~~~~^^^^^^^^^
  File "C:\Users\mhoss\AppData\Local\Programs\Python\Python313\Lib\site-packages\django\template\base.py", line 1016, in render
    return SafeString("".join([node.render_annotated(context) for node in self]))
                               ~~~~~~~~~~~~~~~~~~~~~^^^^^^^^^
  File "C:\Users\mhoss\AppData\Local\Programs\Python\Python313\Lib\site-packages\django\template\base.py", line 977, in render_annotated
    return self.render(context)
           ~~~~~~~~~~~^^^^^^^^^
  File "C:\Users\mhoss\AppData\Local\Programs\Python\Python313\Lib\site-packages\django\template\loader_tags.py", line 134, in render
    compiled_parent = self.get_parent(context)
  File "C:\Users\mhoss\AppData\Local\Programs\Python\Python313\Lib\site-packages\django\template\loader_tags.py", line 131, in get_parent
    return self.find_template(parent, context)
           ~~~~~~~~~~~~~~~~~~^^^^^^^^^^^^^^^^^
  File "C:\Users\mhoss\AppData\Local\Programs\Python\Python313\Lib\site-packages\django\template\loader_tags.py", line 109, in find_template
    template, origin = context.template.engine.find_template(
                       ~~~~~~~~~~~~~~~~~~~~~~~~~~~~~~~~~~~~~^
        template_name,
        ^^^^^^^^^^^^^^
        skip=history,
        ^^^^^^^^^^^^^
    )
    ^
  File "C:\Users\mhoss\AppData\Local\Programs\Python\Python313\Lib\site-packages\django\template\engine.py", line 159, in find_template
    template = loader.get_template(name, skip=skip)
  File "C:\Users\mhoss\AppData\Local\Programs\Python\Python313\Lib\site-packages\django\template\loaders\cached.py", line 57, in get_template
    template = super().get_template(template_name, skip)
  File "C:\Users\mhoss\AppData\Local\Programs\Python\Python313\Lib\site-packages\django\template\loaders\base.py", line 28, in get_template
    return Template(
        contents,
    ...<2 lines>...
        self.engine,
    )
  File "C:\Users\mhoss\AppData\Local\Programs\Python\Python313\Lib\site-packages\django\template\base.py", line 154, in __init__
    self.nodelist = self.compile_nodelist()
                    ~~~~~~~~~~~~~~~~~~~~~^^
  File "C:\Users\mhoss\AppData\Local\Programs\Python\Python313\Lib\site-packages\django\template\base.py", line 196, in compile_nodelist
    nodelist = parser.parse()
  File "C:\Users\mhoss\AppData\Local\Programs\Python\Python313\Lib\site-packages\django\template\base.py", line 512, in parse
    self.invalid_block_tag(token, command, parse_until)
    ~~~~~~~~~~~~~~~~~~~~~~^^^^^^^^^^^^^^^^^^^^^^^^^^^^^
  File "C:\Users\mhoss\AppData\Local\Programs\Python\Python313\Lib\site-packages\django\template\base.py", line 577, in invalid_block_tag
    raise self.error(
    ...<3 lines>...
    )
django.template.exceptions.TemplateSyntaxError: Invalid block tag on line 12: 'static'. Did you forget to register or load this tag?
"GET /login/ HTTP/1.1" 500 186564
Not Found: /favicon.ico
"GET /favicon.ico HTTP/1.1" 404 9517
Watching for file changes with StatReloader
"GET / HTTP/1.1" 302 0
"GET /login/ HTTP/1.1" 200 7868
"POST /login/ HTTP/1.1" 302 0
"GET /dashboard/ HTTP/1.1" 200 17219
Internal Server Error: /lost-and-found-map/
Traceback (most recent call last):
  File "C:\Users\mhoss\AppData\Local\Programs\Python\Python313\Lib\site-packages\django\core\handlers\exception.py", line 55, in inner
    response = get_response(request)
  File "C:\Users\mhoss\AppData\Local\Programs\Python\Python313\Lib\site-packages\django\core\handlers\base.py", line 197, in _get_response
    response = wrapped_callback(request, *callback_args, **callback_kwargs)
  File "C:\Users\mhoss\OneDrive\Desktop\uninav\project\login\views.py", line 781, in lost_and_found_map
    return render(request, "login/lost_and_found_map.html", {
        'user_id': user_id,
    ...<3 lines>...
        'categories': LostAndFound.CATEGORIES
    })
  File "C:\Users\mhoss\AppData\Local\Programs\Python\Python313\Lib\site-packages\django\shortcuts.py", line 25, in render
    content = loader.render_to_string(template_name, context, request, using=using)
  File "C:\Users\mhoss\AppData\Local\Programs\Python\Python313\Lib\site-packages\django\template\loader.py", line 61, in render_to_string
    template = get_template(template_name, using=using)
  File "C:\Users\mhoss\AppData\Local\Programs\Python\Python313\Lib\site-packages\django\template\loader.py", line 19, in get_template
    raise TemplateDoesNotExist(template_name, chain=chain)
django.template.exceptions.TemplateDoesNotExist: login/lost_and_found_map.html
"GET /lost-and-found-map/ HTTP/1.1" 500 86954
"GET /campus-map/ HTTP/1.1" 200 8038
"GET /static/login/js/campusmap.js HTTP/1.1" 304 0
"GET /lost-and-found/ HTTP/1.1" 200 4151
Internal Server Error: /lost-and-found-map/
Traceback (most recent call last):
  File "C:\Users\mhoss\AppData\Local\Programs\Python\Python313\Lib\site-packages\django\core\handlers\exception.py", line 55, in inner
    response = get_response(request)
  File "C:\Users\mhoss\AppData\Local\Programs\Python\Python313\Lib\site-packages\django\core\handlers\base.py", line 197, in _get_response
    response = wrapped_callback(request, *callback_args, **callback_kwargs)
  File "C:\Users\mhoss\OneDrive\Desktop\uninav\project\login\views.py", line 781, in lost_and_found_map
    return render(request, "login/lost_and_found_map.html", {
        'user_id': user_id,
    ...<3 lines>...
        'categories': LostAndFound.CATEGORIES
    })
  File "C:\Users\mhoss\AppData\Local\Programs\Python\Python313\Lib\site-packages\django\shortcuts.py", line 25, in render
    content = loader.render_to_string(template_name, context, request, using=using)
  File "C:\Users\mhoss\AppData\Local\Programs\Python\Python313\Lib\site-packages\django\template\loader.py", line 61, in render_to_string
    template = get_template(template_name, using=using)
  File "C:\Users\mhoss\AppData\Local\Programs\Python\Python313\Lib\site-packages\django\template\loader.py", line 19, in get_template
    raise TemplateDoesNotExist(template_name, chain=chain)
django.template.exceptions.TemplateDoesNotExist: login/lost_and_found_map.html
"GET /lost-and-found-map/ HTTP/1.1" 500 86959
C:\Users\mhoss\OneDrive\Desktop\uninav\project\login\views.py changed, reloading.
Watching for file changes with StatReloader
C:\Users\mhoss\OneDrive\Desktop\uninav\project\login\views.py changed, reloading.
Watching for file changes with StatReloader
C:\Users\mhoss\OneDrive\Desktop\uninav\project\login\views.py changed, reloading.
Watching for file changes with StatReloader
"GET /lost-and-found-map/ HTTP/1.1" 200 10032
"GET /static/login/js/lost_and_found.js HTTP/1.1" 200 6834
"GET / HTTP/1.1" 302 0
"GET /lost-and-found/?format=json&floor=1 HTTP/1.1" 200 2
"GET /login/ HTTP/1.1" 200 7727
"POST /login/ HTTP/1.1" 302 0
"GET /dashboard/ HTTP/1.1" 200 17219
"GET /lost-and-found-map/ HTTP/1.1" 200 10032
"GET /lost-and-found/?format=json&floor=1 HTTP/1.1" 200 2
"GET /lost-and-found-map/ HTTP/1.1" 200 10032
"GET /lost-and-found/?format=json&floor=1 HTTP/1.1" 200 2
"GET /lost-and-found/ HTTP/1.1" 200 4151
"GET /lost-and-found-map/ HTTP/1.1" 200 10032
"GET /lost-and-found/?format=json&floor=1 HTTP/1.1" 200 2
"GET /lost-and-found/ HTTP/1.1" 200 4151
"GET /lost-and-found-map/ HTTP/1.1" 200 10032
"GET /lost-and-found/?format=json&floor=1 HTTP/1.1" 200 2
C:\Users\mhoss\OneDrive\Desktop\uninav\project\login\views.py changed, reloading.
Watching for file changes with StatReloader
"GET /lost-and-found-map/ HTTP/1.1" 200 10241
"GET /static/login/js/lost_and_found.js HTTP/1.1" 200 7754
"GET / HTTP/1.1" 302 0
"GET /login/ HTTP/1.1" 200 7868
Not Found: /favicon.ico
"GET /favicon.ico HTTP/1.1" 404 9517
"POST /login/ HTTP/1.1" 302 0
"GET /dashboard/ HTTP/1.1" 200 17219
"GET /lost-and-found/ HTTP/1.1" 200 4151
"GET /lost-and-found-map/ HTTP/1.1" 200 10241
"GET /static/login/js/lost_and_found.js HTTP/1.1" 304 0
"GET /lost-and-found/?format=json&floor=1 HTTP/1.1" 200 2
"GET /lost-and-found-map/?item_type=found&category=clothing HTTP/1.1" 200 10257
"GET /static/login/js/lost_and_found.js HTTP/1.1" 304 0
"GET /lost-and-found/?format=json&floor=1 HTTP/1.1" 200 2
"GET /lost-and-found-map/ HTTP/1.1" 200 10241
"GET / HTTP/1.1" 302 0
"GET /login/ HTTP/1.1" 200 7868
Not Found: /favicon.ico
"GET /favicon.ico HTTP/1.1" 404 9517
"POST /login/ HTTP/1.1" 302 0
"GET /dashboard/ HTTP/1.1" 200 17219
"GET /lost-and-found/ HTTP/1.1" 200 4151
"GET /lost-and-found-map/ HTTP/1.1" 200 10241
"GET /static/login/js/lost_and_found.js HTTP/1.1" 304 0
"GET /lost-and-found/?format=json&floor=1 HTTP/1.1" 200 2
"GET /campus-map/ HTTP/1.1" 200 8038
"GET /lost-and-found-map/ HTTP/1.1" 200 10241
"GET /static/login/js/lost_and_found.js HTTP/1.1" 304 0
"GET / HTTP/1.1" 302 0
"GET /login/ HTTP/1.1" 200 7868
Not Found: /favicon.ico
"GET /favicon.ico HTTP/1.1" 404 9517
"POST /login/ HTTP/1.1" 302 0
"GET /dashboard/ HTTP/1.1" 200 17219
"GET /lost-and-found-map/ HTTP/1.1" 200 10241
"GET /lost-and-found/?format=json&floor=1 HTTP/1.1" 200 2
"POST /login/ HTTP/1.1" 302 0
"GET /dashboard/ HTTP/1.1" 200 17219
"GET /lost-and-found/ HTTP/1.1" 200 4151
"GET /lost-and-found-map/ HTTP/1.1" 200 10241
"GET /static/login/js/lost_and_found.js HTTP/1.1" 200 8636
"GET /lost-and-found/?format=json&floor=1 HTTP/1.1" 200 2
Not Found: /.well-known/appspecific/com.chrome.devtools.json
"GET /.well-known/appspecific/com.chrome.devtools.json HTTP/1.1" 404 9628
"GET /lost-and-found/ HTTP/1.1" 200 4151
Not Found: /.well-known/appspecific/com.chrome.devtools.json
"GET /.well-known/appspecific/com.chrome.devtools.json HTTP/1.1" 404 9628
"GET /lost-and-found-map/ HTTP/1.1" 200 10241
Not Found: /.well-known/appspecific/com.chrome.devtools.json
"GET /static/login/js/lost_and_found.js HTTP/1.1" 304 0
"GET /.well-known/appspecific/com.chrome.devtools.json HTTP/1.1" 404 9628
"GET /lost-and-found/?format=json&floor=1 HTTP/1.1" 200 2
Not Found: /.well-known/appspecific/com.chrome.devtools.json
"GET /.well-known/appspecific/com.chrome.devtools.json HTTP/1.1" 404 9628
Not Found: /.well-known/appspecific/com.chrome.devtools.json
"GET /.well-known/appspecific/com.chrome.devtools.json HTTP/1.1" 404 9628
"GET /campus-map/ HTTP/1.1" 200 8038
Not Found: /.well-known/appspecific/com.chrome.devtools.json
"GET /.well-known/appspecific/com.chrome.devtools.json HTTP/1.1" 404 9628
"GET /lost-and-found/ HTTP/1.1" 200 4151
Not Found: /.well-known/appspecific/com.chrome.devtools.json
"GET /.well-known/appspecific/com.chrome.devtools.json HTTP/1.1" 404 9628
"GET /lost-and-found-map/ HTTP/1.1" 200 10241
Not Found: /.well-known/appspecific/com.chrome.devtools.json
"GET /.well-known/appspecific/com.chrome.devtools.json HTTP/1.1" 404 9628
"GET /static/login/js/lost_and_found.js HTTP/1.1" 304 0
"GET /lost-and-found/?format=json&floor=1 HTTP/1.1" 200 2
Watching for file changes with StatReloader
"GET / HTTP/1.1" 302 0
"GET /login/ HTTP/1.1" 200 7868
"GET /static/login/css/style.css HTTP/1.1" 304 0
Not Found: /favicon.ico
"GET /favicon.ico HTTP/1.1" 404 9517
"POST /login/ HTTP/1.1" 302 0
"GET /dashboard/ HTTP/1.1" 200 17219
"GET /static/login/js/isotope.min.js HTTP/1.1" 304 0
"GET /static/login/js/owl-carousel.js HTTP/1.1" 304 0
"GET /static/login/js/counter.js HTTP/1.1" 304 0
"GET /static/login/js/custom.js HTTP/1.1" 304 0
"GET /lost-and-found/ HTTP/1.1" 200 4151
"GET /lost-and-found-map/ HTTP/1.1" 200 10241
"GET /static/login/js/lost_and_found.js HTTP/1.1" 304 0
"GET /static/login/image/1st-floor.png HTTP/1.1" 304 0
- Broken pipe from ('127.0.0.1', 59030)
Not Found: /.well-known/appspecific/com.chrome.devtools.json
"GET /.well-known/appspecific/com.chrome.devtools.json HTTP/1.1" 404 9628
"GET /campus-map/ HTTP/1.1" 200 8038
Not Found: /.well-known/appspecific/com.chrome.devtools.json
"GET /.well-known/appspecific/com.chrome.devtools.json HTTP/1.1" 404 9628
"GET / HTTP/1.1" 302 0
"GET / HTTP/1.1" 302 0
- Broken pipe from ('127.0.0.1', 57254)
"GET /login/ HTTP/1.1" 200 7727
Watching for file changes with StatReloader
"GET / HTTP/1.1" 302 0
"GET /login/ HTTP/1.1" 200 7868
"GET /static/login/css/style.css HTTP/1.1" 304 0
"POST /login/ HTTP/1.1" 302 0
"GET /login/ HTTP/1.1" 200 8292
"POST /login/ HTTP/1.1" 302 0
"GET /dashboard/ HTTP/1.1" 200 17219
"GET /static/login/js/isotope.min.js HTTP/1.1" 304 0
"GET /static/login/js/owl-carousel.js HTTP/1.1" 304 0
"GET /static/login/js/counter.js HTTP/1.1" 304 0
"GET /static/login/js/custom.js HTTP/1.1" 304 0
"GET /campus-map/ HTTP/1.1" 200 8038
"GET /static/login/js/campusmap.js HTTP/1.1" 304 0
"GET /static/login/image/1st-floor.png HTTP/1.1" 304 0
"GET /static/login/image/2nd-floor.png HTTP/1.1" 200 7188525
"GET /static/login/image/3rd-floor.png HTTP/1.1" 200 6268878
"GET /lost-and-found/ HTTP/1.1" 200 4151
"GET /lost-and-found-map/ HTTP/1.1" 200 10656
"GET /static/login/js/lost_and_found.js HTTP/1.1" 200 10180
"GET /lost-and-found/?format=json&floor=1&item_type=&category= HTTP/1.1" 200 2
"GET /campus-map/ HTTP/1.1" 200 8038
"GET /lost-and-found-map/ HTTP/1.1" 200 10656
"GET /lost-and-found/?format=json&floor=1&item_type=&category= HTTP/1.1" 200 2
"GET /lost-and-found/?format=json&floor=2&item_type=&category= HTTP/1.1" 200 2
"GET /lost-and-found/?format=json&floor=1&item_type=&category= HTTP/1.1" 200 2
"GET /lost-and-found/?format=json&floor=2&item_type=&category= HTTP/1.1" 200 2
"GET /campus-map/ HTTP/1.1" 200 8038
"GET /chat/ HTTP/1.1" 200 17026
"GET /static/login/css/style.css HTTP/1.1" 304 0
"GET /lost-and-found-map/ HTTP/1.1" 200 10656
"GET /static/login/image/1st-floor.png HTTP/1.1" 304 0
"GET /lost-and-found/?format=json&floor=1&item_type=&category= HTTP/1.1" 200 2
"GET /campus-map/ HTTP/1.1" 200 8038
"GET /static/login/js/campusmap.js HTTP/1.1" 304 0
"GET /campus-map/ HTTP/1.1" 200 8038
"GET /campus-map/ HTTP/1.1" 200 8038
"GET /campus-map/ HTTP/1.1" 200 8038
"GET /campus-map/ HTTP/1.1" 200 8038
"GET /campus-map/ HTTP/1.1" 200 8038
"GET /campus-map/ HTTP/1.1" 200 8038
"GET /campus-map/ HTTP/1.1" 200 8038
Watching for file changes with StatReloader
"GET / HTTP/1.1" 302 0
"GET /login/ HTTP/1.1" 200 7727
"POST /login/ HTTP/1.1" 302 0
"GET /dashboard/ HTTP/1.1" 200 17219
"GET /static/login/js/isotope.min.js HTTP/1.1" 304 0
"GET /static/login/js/counter.js HTTP/1.1" 304 0
"GET /static/login/js/owl-carousel.js HTTP/1.1" 304 0
"GET /static/login/js/custom.js HTTP/1.1" 304 0
"GET /campus-map/ HTTP/1.1" 200 8038
C:\Users\mhoss\OneDrive\Desktop\main\project\login\views.py changed, reloading.
Watching for file changes with StatReloader
"GET / HTTP/1.1" 302 0
"GET /login/ HTTP/1.1" 200 7727
"GET /static/login/css/style.css HTTP/1.1" 304 0
"POST /login/ HTTP/1.1" 302 0
"GET /dashboard/ HTTP/1.1" 200 17219
"GET /campus-map/ HTTP/1.1" 200 8038
"GET /static/login/js/campusmap.js HTTP/1.1" 200 5516
"GET /static/login/image/1st-floor.png HTTP/1.1" 304 0
